Summary,Chamber,State,Sponsor,Bill (URL),Issue Category,Encounter Description
Make it harder to prescribe abortifacients,AK Lower,Alaska,McCabe,https://legiscan.com/AK/drafts/HB326/2026,Anti-Reproductive Rights,A clinic turns away a traveler seeking abortion medication because the new prescription hurdles are too steep. The delay leaves them feverish and in pain before your party can find another doctor.
Heartbeat bill,AK Lower,Alaska,Vance,https://legiscan.com/AK/drafts/HB357/2026,Anti-Reproductive Rights,A roadside clinic detects a heartbeat and refuses the requested care under the heartbeat bill. Your party spends extra days searching while a traveler grows weaker from an untreated pregnancy complication.
Eliminate constitutional right to abortion,AK Upper,Alaska,Hughes,https://legiscan.com/AK/text/SJR1/2025,Anti-Reproductive Rights,A clerk says the constitutional right to abortion has vanished and closes the clinic door. A traveler in your party loses precious time seeking distant care and becomes dangerously ill on the road.
Charging women who get abortions with murder,AL Lower,Alabama,Yarbrough,https://legiscan.com/AL/text/HB518/2025,Anti-Reproductive Rights,"A traveler who obtained an abortion is arrested on a murder charge during your journey. Your party must stop to help, and the detained traveler misses medication and sickens."
Abortifacient ban,AL Lower,Alabama,Kiel,https://legiscan.com/AL/text/HB611/2025,Anti-Reproductive Rights,"A pharmacy refuses to sell abortion medication after the abortifacient ban takes effect. A traveler goes without care, developing worsening cramps and exhaustion as the van rolls west."
State tracking of IVF,AR Lower,Arkansas,Brown,https://legiscan.com/AR/text/HB1554/2025,Anti-Reproductive Rights,"An IVF registry demands intimate records at a checkpoint, delaying your party while officials copy them. The stress and lost supplies leave a traveler dehydrated and unwell."
Defund Planned Parenthood,AZ Lower,Arizona,Diaz,https://legiscan.com/AZ/text/HB2547/id/3062852,Anti-Reproductive Rights,"The familiar reproductive health clinic has closed after its funding disappears. A traveler cannot obtain a needed consultation, and your party detours until illness forces a camp rest."
Gut constitutional protections for abortion,AZ Lower,Arizona,Keshel,https://legiscan.com/AZ/text/HCR2058/id/3111248,Anti-Reproductive Rights,"A judge strips away constitutional abortion protections, and the nearest provider cancels appointments. A traveler in your party waits too long for treatment and suffers heavy bleeding."
Abortion Bounty Law,FL Lower,Florida,Abbott,https://legiscan.com/FL/text/H0663/id/3288544,Anti-Reproductive Rights,"A stranger offers a reward for information about anyone helping with an abortion. Fear scatters your party briefly, and a traveler misses a scheduled medical visit."
Makes all abortions (including chemical ones) murder,GA Lower,Georgia,Byrd,https://legiscan.com/GA/text/HB122/id/3084508,Anti-Reproductive Rights,"The law calls even medication abortion murder, so a pharmacist locks the medicine away. A traveler’s untreated condition worsens, leaving the party slowed by repeated roadside rests."
Abortifacient ban,IA Lower,Iowa,Shipley,https://legiscan.com/IA/text/HF423/id/3126542,Anti-Reproductive Rights,"A pharmacy refuses to sell abortion medication after the abortifacient ban takes effect. A traveler goes without care, developing worsening cramps and exhaustion as the van rolls west."
Abortifacient ban,IA Lower,Iowa,Thompson,https://legiscan.com/IA/text/HF666/2025,Anti-Reproductive Rights,"A pharmacy refuses to sell abortion medication after the abortifacient ban takes effect. A traveler goes without care, developing worsening cramps and exhaustion as the van rolls west."
Abortifacient ban,IA Upper,Iowa,Campbell,https://legiscan.com/IA/bill/SF2155/2026,Anti-Reproductive Rights,"A pharmacy refuses to sell abortion medication after the abortifacient ban takes effect. A traveler goes without care, developing worsening cramps and exhaustion as the van rolls west."
Abortifacient ban,IA Upper,Iowa,Senate Judiciary,https://legiscan.com/IA/drafts/SSB3115/2026,Anti-Reproductive Rights,"A pharmacy refuses to sell abortion medication after the abortifacient ban takes effect. A traveler goes without care, developing worsening cramps and exhaustion as the van rolls west."
Defines life as beginning at conception,IA Upper,Iowa,Campbell,https://legiscan.com/IA/drafts/SF2357/2025,Anti-Reproductive Rights,"Officials declare life begins at conception and classify a traveler’s fertility treatment as evidence. The interrogation delays your route and leaves that traveler shaken, nauseated, and unable to eat."
Abortifacient ban,ID Lower,Idaho,House Health & Welfare Committee,https://legiscan.com/ID/drafts/H0137/2025,Anti-Reproductive Rights,"A pharmacy refuses to sell abortion medication after the abortifacient ban takes effect. A traveler goes without care, developing worsening cramps and exhaustion as the van rolls west."
Creating abortion bounty system,ID Upper,Idaho,State Affairs Committee,https://legiscan.com/ID/text/S1171/2025,Anti-Reproductive Rights,"Bounty hunters question your party at an inn, hoping to collect payment for an abortion tip. The frightened delay costs a traveler access to timely care and their health declines."
Heartbeat Bill,IL Lower,Illinois,Jacobs,https://legiscan.com/IL/text/HB1333/2025,Anti-Reproductive Rights,"A clinic hears a heartbeat and turns away a traveler who needs an abortion. Your party takes a long detour, while the traveler’s pregnancy sickness worsens."
Makes any post-conception abortion murder,IN Lower,Indiana,Sweet,https://legiscan.com/IN/text/HB1334/2025,Anti-Reproductive Rights,"Post-conception abortion is labeled murder, and a provider refuses to see a traveler. The untreated complication drains their strength as your party crosses dusty roads."
Prohibit government from doing anything to help women get reproductive care,IN Upper,Indiana,Young,https://legiscan.com/IN/bill/SB170/2025,Anti-Reproductive Rights,"Government offices are forbidden from helping anyone reach reproductive care, so every referral vanishes. A traveler spends days calling from the van and becomes weak without treatment."
Abortifacient ban,IN Upper,Indiana,Young,https://legiscan.com/IN/bill/SB171/2025,Anti-Reproductive Rights,"A pharmacy refuses to sell abortion medication after the abortifacient ban takes effect. A traveler goes without care, developing worsening cramps and exhaustion as the van rolls west."
Abortifacient ban,IN Upper,Indiana,Johnson,https://legiscan.com/IN/text/SB0245/id/3045223,Anti-Reproductive Rights,"A pharmacy refuses to sell abortion medication after the abortifacient ban takes effect. A traveler goes without care, developing worsening cramps and exhaustion as the van rolls west."
Restrictions on abortifacients,IN Upper,Indiana,Johnson,https://legiscan.com/IN/text/SB0236/id/3303477,Anti-Reproductive Rights,"New restrictions make the pharmacy demand extra forms before dispensing an abortifacient. The delay leaves a traveler vomiting and feverish, forcing your party to halt."
Abortion ban,KS Lower,Kansas,Fairchild,https://legiscan.com/ks/text/hb2010/2025,Anti-Reproductive Rights,An abortion ban shuts the last clinic your party can reach. A traveler’s worsening condition receives only improvised care beside the van.
Make all abortions subject to criminal prosecution,KS Lower,Kansas,Potter Parshall,https://legiscan.com/KS/drafts/HB2171/2025,Anti-Reproductive Rights,"Every abortion is subject to criminal prosecution, and the doctor refuses to proceed. A traveler’s pain intensifies during the search for a safer clinic."
Life begins at conception,KS Lower,Kansas,House Federal Affairs,https://legiscan.com/KS/bill/HCR5026/2025,Anti-Reproductive Rights,A new declaration treats conception as the start of life and freezes a traveler’s treatment appointment. Anxiety and missed medicine leave them pale and sick on the trail.
Life begins at conception,KS Lower,Kansas,House Federal & State Affairs,https://legiscan.com/KS/drafts/HB2789/2026,Anti-Reproductive Rights,A new declaration treats conception as the start of life and freezes a traveler’s treatment appointment. Anxiety and missed medicine leave them pale and sick on the trail.
Criminalizes all abortions,KS Upper,Kansas,Senate Public Health & Welfare Committee,https://legiscan.com/KS/drafts/SB174/2025,Anti-Reproductive Rights,Criminal penalties close the abortion service your party counted on. A traveler cannot get timely care and grows too weak to help with the journey.
Abortion Bounty Bill,KS Upper,Kansas,Senate Public Health & Welfare Committee,https://legiscan.com/KS/drafts/SB198/2025,Anti-Reproductive Rights,"A bounty bill sends suspicious callers after your party, asking who sought an abortion. The pursuit delays a traveler’s appointment, and their symptoms become harder to manage."
Abortifacient ban,KY Lower,Kentucky,Roberts,https://legiscan.com/KY/text/HB316/id/3103087,Anti-Reproductive Rights,"A pharmacy refuses to sell abortion medication after the abortifacient ban takes effect. A traveler goes without care, developing worsening cramps and exhaustion as the van rolls west."
Prosecuting abortion as murder,KY Lower,Kentucky,White,https://legiscan.com/KY/text/HB523/id/3119803,Anti-Reproductive Rights,"Prosecutors threaten to call abortion murder, so a clinic cancels a traveler’s visit. The traveler’s untreated bleeding forces a rough, exhausting detour."
Abortifacient ban,KY Lower,Kentucky,Tate,https://legiscan.com/KY/drafts/HB646/2026,Anti-Reproductive Rights,"A pharmacy refuses to sell abortion medication after the abortifacient ban takes effect. A traveler goes without care, developing worsening cramps and exhaustion as the van rolls west."
Total abortion ban,KY Lower,Kentucky,Calloway,https://legiscan.com/KY/drafts/HB690/2026,Anti-Reproductive Rights,"A total ban empties the clinic and the pharmacy alike. A traveler in your party goes without needed care, and the whole caravan loses days tending them."
Removes life of mother exception,KY Lower,Kentucky,Callaway,https://legiscan.com/KY/drafts/HB784/2026,Anti-Reproductive Rights,The doctor says there is no exception even when a mother’s life is at risk. A traveler is sent away during a crisis and collapses from the untreated complication.
Abortifacient ban,KY Upper,Kentucky,Rawlings,https://legiscan.com/KY/text/SB106/id/3102793,Anti-Reproductive Rights,"A pharmacy refuses to sell abortion medication after the abortifacient ban takes effect. A traveler goes without care, developing worsening cramps and exhaustion as the van rolls west."
Abortion Bounty Bill,LA Lower,Louisiana,Ventrella,https://legiscan.com/LA/text/HB575/id/3202310,Anti-Reproductive Rights,"A bounty bill sends suspicious callers after your party, asking who sought an abortion. The pursuit delays a traveler’s appointment, and their symptoms become harder to manage."
Heartbeat Bill,MD Lower,Maryland,Metzgar,https://legiscan.com/MD/drafts/HB108/2025,Anti-Reproductive Rights,"A clinic hears a heartbeat and turns away a traveler who needs an abortion. Your party takes a long detour, while the traveler’s pregnancy sickness worsens."
Bans state from covering abortion under medical insurance,ME Lower,Maine,Javner,https://legiscan.com/ME/bill/LD253/2025,Anti-Reproductive Rights,"The state insurance desk refuses to cover abortion, leaving a traveler unable to pay for care. Your party waits while their pain and fatigue deepen."
Ban getting abortifacients without physician,ME Lower,Maine,Griffin,https://legiscan.com/ME/text/LD886/2025,Anti-Reproductive Rights,"A pharmacist insists abortion medication requires an in-person physician, though none is available nearby. A traveler misses the treatment window and becomes increasingly ill."
Criminalizing abortion,ME Lower,Maine,Griffin,https://legiscan.com/ME/text/LD975/2025,Anti-Reproductive Rights,Criminalization makes the provider lock the clinic before a traveler’s appointment. Your party searches for help while the traveler’s symptoms worsen.
Abortion as murder,MI Lower,Michigan,Schriver,https://legiscan.com/MI/bill/HB4671/2025,Anti-Reproductive Rights,"A sign outside the clinic declares abortion murder, and staff refuse a traveler at the door. Their untreated condition forces slow travel and frequent stops."
Allow discrimination against women who had abortions,MI Lower,Michigan,Schriver,https://legiscan.com/MI/text/HB4753/2025,Anti-Reproductive Rights,"A lodging keeper refuses a room after learning a traveler had an abortion. Your party sleeps outside, and the traveler’s recovery suffers in the cold."
Life begins at conception,MN Lower,Minnesota,Davis,https://legiscan.com/MN/bill/HF5084/2026,Anti-Reproductive Rights,A new declaration treats conception as the start of life and freezes a traveler’s treatment appointment. Anxiety and missed medicine leave them pale and sick on the trail.
Ban insurance from covering abortion,MN Upper,Minnesota,Wesenberg,https://legiscan.com/MN/drafts/SF3775/2026,Anti-Reproductive Rights,"Insurance denies the abortion claim, leaving a traveler stranded without the procedure. The delay brings severe nausea and weakness during the next leg."
"Life begins at conception constitutional amendment, unclear effect on IVF",MO Lower,Missouri,Sparks,https://legiscan.com/MO/drafts/HJR9/2025,Anti-Reproductive Rights,"A conception amendment throws IVF into legal confusion, and a clinic freezes a traveler’s embryos and appointment. The uncertainty exhausts them and delays your party."
Abortion Bounty Law,MO Lower,Missouri,Seitz,https://documents.house.mo.gov/billtracking/bills251/hlrbillspdf/0841H.01I.pdf,Anti-Reproductive Rights,"A stranger offers a reward for information about anyone helping with an abortion. Fear scatters your party briefly, and a traveler misses a scheduled medical visit."
Heartbeat bill,MO Lower,Missouri,Seitz,https://legiscan.com/MO/bill/HJR39/2025,Anti-Reproductive Rights,A roadside clinic detects a heartbeat and refuses the requested care under the heartbeat bill. Your party spends extra days searching while a traveler grows weaker from an untreated pregnancy complication.
Attempt to gut constitutional right to abortion,MO Lower,Missouri,Lewis,https://documents.house.mo.gov/billtracking/bills251/hlrbillspdf/2047H.01I.pdf,Anti-Reproductive Rights,"Constitutional protections are nearly gutted, so a provider cancels a traveler’s care at the last minute. The resulting delay leaves them feverish in the van."
Abortion Ban,MO Lower,Missouri,Stinnett,https://legiscan.com/MO/text/HJR54/2025,Anti-Reproductive Rights,"An abortion ban closes the small clinic by the highway. A traveler’s worsening pregnancy complication receives no timely treatment, and your party must camp."
Abortifacient ban,MO Lower,Missouri,Self,https://legiscan.com/MO/text/HB1367/2025,Anti-Reproductive Rights,"A pharmacy refuses to sell abortion medication after the abortifacient ban takes effect. A traveler goes without care, developing worsening cramps and exhaustion as the van rolls west."
Total abortion ban,MO Lower,Missouri,Whaley,https://legiscan.com/MO/text/HB1417/id/3138406,Anti-Reproductive Rights,"A total ban empties the clinic and the pharmacy alike. A traveler in your party goes without needed care, and the whole caravan loses days tending them."
Abortifacient Ban,MO Lower,Missouri,Self,https://legiscan.com/MO/sponsors/HB2160/2026,Anti-Reproductive Rights,The abortifacient ban makes the medicine contraband at the pharmacy. A traveler goes untreated and grows weaker with every mile.
Life begins at conception,MO Lower,Missouri,Whaley,https://legiscan.com/MO/sponsors/HB3056/2026,Anti-Reproductive Rights,A new declaration treats conception as the start of life and freezes a traveler’s treatment appointment. Anxiety and missed medicine leave them pale and sick on the trail.
Abortifacient ban,MO Upper,Missouri,Nicola,https://legiscan.com/MO/text/SB763/id/3143605,Anti-Reproductive Rights,"A pharmacy refuses to sell abortion medication after the abortifacient ban takes effect. A traveler goes without care, developing worsening cramps and exhaustion as the van rolls west."
Abortifacient ban,MO Upper,Missouri,Hudson,https://www.senate.mo.gov/25info/BTS_Web/Bill.aspx?SessionType=R&BillID=6625985,Anti-Reproductive Rights,"A pharmacy refuses to sell abortion medication after the abortifacient ban takes effect. A traveler goes without care, developing worsening cramps and exhaustion as the van rolls west."
Repeal abortion rights constitutional amendment,MO Upper,Missouri,Moon,https://legiscan.com/MO/bill/SJR107/2026,Anti-Reproductive Rights,"The constitutional amendment protecting abortion is repealed, and the clinic removes its appointment board. A traveler loses access to care and suffers a painful setback."
Abortifacient ban,MS Lower,Mississippi,Eubanks,https://legiscan.com/MS/drafts/HB1055/2025,Anti-Reproductive Rights,"A pharmacy refuses to sell abortion medication after the abortifacient ban takes effect. A traveler goes without care, developing worsening cramps and exhaustion as the van rolls west."
Abortifacient Ban,MS Upper,Mississippi,Burks Hill,https://legiscan.com/MS/drafts/SB2224/2025,Anti-Reproductive Rights,The abortifacient ban makes the medicine contraband at the pharmacy. A traveler goes untreated and grows weaker with every mile.
Pro Life Propaganda,MS Upper,Mississippi,Burks Hill,https://legiscan.com/MS/text/SB2303/2026,Anti-Reproductive Rights,"Pro-life posters cover a waiting room while staff repeat slogans instead of offering a traveler medical help. Your party leaves late, with the traveler distressed and nauseated."
Criminalize any post-fertilization abortion,NC Lower,North Carolina,Kidwell,https://legiscan.com/NC/text/HB804/2025,Anti-Reproductive Rights,"Any post-fertilization abortion is criminalized, so a doctor refuses a traveler’s urgent request. Their untreated symptoms sap the party’s pace."
Total ban on abortion,NC Lower,North Carolina,Kidwell,https://legiscan.com/NC/bill/HB1232/2026,Anti-Reproductive Rights,A total abortion ban turns the provider’s office into a boarded-up storefront. A traveler’s condition worsens while your party hunts for distant assistance.
Requires state to get details of every abortion provided in the state,NH Upper,New Hampshire,Avard,https://legiscan.com/NH/text/SB36/id/3040857,Anti-Reproductive Rights,"The state demands details of every abortion, and a clinic pauses appointments to assemble records. A traveler waits in pain and misses a day of travel."
Defining life as beginning at conception,NY Lower,New York,DiPietro,https://legiscan.com/NY/text/A2026/2025,Anti-Reproductive Rights,Officials define life as beginning at conception and threaten clinics handling abortion. A traveler is denied care and becomes exhausted from prolonged sickness.
Bans state from spending money on nonresident abortions,NY Upper,New York,Murray,https://legiscan.com/NY/text/S1978/2025,Anti-Reproductive Rights,"State funds cannot support abortions for nonresidents, so the clinic turns away a traveler from your party. Their illness worsens during the long search for help."
Total abortion ban,NY Upper,New York,Lanza,https://legiscan.com/NY/text/S05576/id/3140203,Anti-Reproductive Rights,"A total ban empties the clinic and the pharmacy alike. A traveler in your party goes without needed care, and the whole caravan loses days tending them."
Abortion ban,OH Lower,Ohio,Dean,https://legiscan.com/OH/text/HB370/2025,Anti-Reproductive Rights,An abortion ban shuts the last clinic your party can reach. A traveler’s worsening condition receives only improvised care beside the van.
Ban Medicaid funds for repro care,OH Lower,Ohio,Schmidt,https://legiscan.com/OH/text/HB410/2025,Anti-Reproductive Rights,"Medicaid funds for reproductive care disappear, leaving a traveler without an affordable appointment. Your party delays departure while they endure untreated pain."
Abortifacient Ban,OK Lower,Oklahoma,Crosswhite-Hader,https://legiscan.com/OK/text/HB1168/2025,Anti-Reproductive Rights,The abortifacient ban makes the medicine contraband at the pharmacy. A traveler goes untreated and grows weaker with every mile.
Abortifacient ban,OK Lower,Oklahoma,Jenkins,https://legiscan.com/OK/text/HB1724/id/3080083,Anti-Reproductive Rights,"A pharmacy refuses to sell abortion medication after the abortifacient ban takes effect. A traveler goes without care, developing worsening cramps and exhaustion as the van rolls west."
Abortifacient ban,OK Lower,Oklahoma,Olsen,https://legiscan.com/OK/drafts/HB2945/2026,Anti-Reproductive Rights,"A pharmacy refuses to sell abortion medication after the abortifacient ban takes effect. A traveler goes without care, developing worsening cramps and exhaustion as the van rolls west."
Charging women who get abortion with murder,OK Upper,Oklahoma,Deevers,https://legiscan.com/OK/text/SB456/id/3042926,Anti-Reproductive Rights,"A traveler faces a murder charge after receiving an abortion. Court paperwork and fear consume the party’s time, while the traveler misses essential recovery care."
Bans abortions and abetting abortions,OK Upper,Oklahoma,Bullard,https://legiscan.com/OK/text/SB884/id/3081293,Anti-Reproductive Rights,"The law bans abortions and anyone who helps, so a friend refuses to drive a traveler to the clinic. The lost ride leaves the traveler sicker."
Total abortion ban,OK Upper,Oklahoma,Bullard,https://legiscan.com/OK/text/SB884/id/3081293,Anti-Reproductive Rights,"A total ban empties the clinic and the pharmacy alike. A traveler in your party goes without needed care, and the whole caravan loses days tending them."
Abortifacient ban,OK Upper,Oklahoma,Murdock,https://legiscan.com/OK/drafts/SB2054/2026,Anti-Reproductive Rights,"A pharmacy refuses to sell abortion medication after the abortifacient ban takes effect. A traveler goes without care, developing worsening cramps and exhaustion as the van rolls west."
Abortifacient Ban,OK Upper,Oklahoma,Daniels,https://legiscan.com/OK/drafts/SB1657/2026,Anti-Reproductive Rights,The abortifacient ban makes the medicine contraband at the pharmacy. A traveler goes untreated and grows weaker with every mile.
Defines life as beginning at conception,SC Lower,South Carolina,Burns,https://legiscan.com/SC/text/H4161/id/3156516,Anti-Reproductive Rights,"Officials declare life begins at conception and classify a traveler’s fertility treatment as evidence. The interrogation delays your route and leaves that traveler shaken, nauseated, and unable to eat."
Makes abortifacient providers liable for wrongful death,SC Lower,South Carolina,Oremus,https://legiscan.com/SC/text/H4536/id/3232762,Anti-Reproductive Rights,Providers face wrongful-death liability for dispensing abortifacients and stop offering them. A traveler’s untreated complication grows serious during the journey.
Define life as beginning at conception,SC Upper,South Carolina,Cash,https://legiscan.com/SC/text/S0323/id/3104520,Anti-Reproductive Rights,A clinic treats conception as the legal beginning of life and rejects a traveler’s request. Your party detours while the traveler’s nausea and weakness mount.
Abortifacient ban,TX Lower,Texas,Schatzline,https://capitol.texas.gov/BillLookup/Text.aspx?LegSess=89R&Bill=HB1651,Anti-Reproductive Rights,"A pharmacy refuses to sell abortion medication after the abortifacient ban takes effect. A traveler goes without care, developing worsening cramps and exhaustion as the van rolls west."
Ban on providing material assistance to getting abortions,TX Lower,Texas,Noble,https://legiscan.com/TX/text/HB1806/id/3045763,Anti-Reproductive Rights,"Even giving material assistance is forbidden, so no one will lend your party a phone or ride to a clinic. A traveler loses time and health."
Provide that life begins at fertilization,TX Lower,Texas,Money,https://legiscan.com/TX/text/HB2197/id/3088174,Anti-Reproductive Rights,"Life is declared to begin at fertilization, and a fertility center suspends treatment to review the rule. A traveler’s medication schedule breaks, leaving them ill."
Defund Planned Parenthood,TX Lower,Texas,Cain,https://legiscan.com/TX/text/HB3200/2025,Anti-Reproductive Rights,"The familiar reproductive health clinic has closed after its funding disappears. A traveler cannot obtain a needed consultation, and your party detours until illness forces a camp rest."
Criminalizes teachers talking about abortion,TX Lower,Texas,Schatzline,https://legiscan.com/TX/text/HB4183/2025,Anti-Reproductive Rights,"A teacher is criminalized for discussing abortion and refuses to answer a traveler’s urgent question. Confusion sends your party to the wrong clinic, costing a day."
Abortifacient ban,TX Lower,Texas,Leach,https://legiscan.com/TX/text/HB5510/2025,Anti-Reproductive Rights,"A pharmacy refuses to sell abortion medication after the abortifacient ban takes effect. A traveler goes without care, developing worsening cramps and exhaustion as the van rolls west."
Abortifacent ban,TX Lower,Texas,Troxclair,https://legiscan.com/TX/text/HB216/2025x,Anti-Reproductive Rights,The abortifacient ban closes the pharmacy window. A traveler cannot obtain medicine and grows feverish on the trail.
Abortifacent ban,TX Lower,Texas,Leach,https://legiscan.com/TX/text/HB7/2025x,Anti-Reproductive Rights,The abortifacient ban closes the pharmacy window. A traveler cannot obtain medicine and grows feverish on the trail.
Abortifacent bounties,TX Lower,Texas,Cain,https://legiscan.com/TX/text/HB82/2025x,Anti-Reproductive Rights,Bounties for reporting abortifacient use send a tipster following your van. The chase delays a traveler’s appointment and leaves them weak.
Defund Planned Parenthood,TX Upper,Texas,Hall,https://legiscan.com/TX/drafts/SB721/2025,Anti-Reproductive Rights,"The familiar reproductive health clinic has closed after its funding disappears. A traveler cannot obtain a needed consultation, and your party detours until illness forces a camp rest."
Abortifacient Ban,WI Lower,Wisconsin,Brill,https://legiscan.com/WI/drafts/AB718/2026,Anti-Reproductive Rights,The abortifacient ban makes the medicine contraband at the pharmacy. A traveler goes untreated and grows weaker with every mile.
Abortifacient Ban,WV Lower,West Virginia,Anders,https://legiscan.com/WV/text/HB2461/2025,Anti-Reproductive Rights,The abortifacient ban makes the medicine contraband at the pharmacy. A traveler goes untreated and grows weaker with every mile.
Eliminate rape and incest abortion exceptions,WV Lower,West Virginia,White,https://legiscan.com/WV/drafts/HB2712/2025,Anti-Reproductive Rights,"Rape and incest exceptions vanish, and a clinic refuses a traveler seeking care after assault. The traveler suffers worsening trauma and physical sickness."
Ban neighboring states from advertising availability of abortion,WV Lower,West Virginia,McGeehan,https://legiscan.com/WV/text/HB2793/2025,Anti-Reproductive Rights,"Neighboring states are barred from advertising abortion availability, so your party finds no reliable directions. A traveler’s untreated symptoms worsen before help appears."
Define life as beginning at conception,WV Lower,West Virginia,McGeehan,https://legiscan.com/WV/text/HB2794/2025,Anti-Reproductive Rights,A clinic treats conception as the legal beginning of life and rejects a traveler’s request. Your party detours while the traveler’s nausea and weakness mount.
Abortifacient ban,WV Lower,West Virginia,Anders,https://legiscan.com/WV/text/HB4674/2026,Anti-Reproductive Rights,"A pharmacy refuses to sell abortion medication after the abortifacient ban takes effect. A traveler goes without care, developing worsening cramps and exhaustion as the van rolls west."
Heartbeat bill,WV Upper,West Virginia,Smith,https://legiscan.com/WV/text/SB17/2025,Anti-Reproductive Rights,A roadside clinic detects a heartbeat and refuses the requested care under the heartbeat bill. Your party spends extra days searching while a traveler grows weaker from an untreated pregnancy complication.
Abortifacient ban,WV Upper,West Virginia,Puertas Rucker,https://legiscan.com/WV/text/SB85/2025,Anti-Reproductive Rights,"A pharmacy refuses to sell abortion medication after the abortifacient ban takes effect. A traveler goes without care, developing worsening cramps and exhaustion as the van rolls west."
Eliminate rape and incest exceptions to abortion ban,WV Upper,West Virginia,Puertas Rucker,https://legiscan.com/WV/drafts/SB608/2025,Anti-Reproductive Rights,"The abortion ban has no rape or incest exception, and staff turn a traveler away without examination. Their condition deteriorates through the next stretch of road."
Abortifacient Ban,WV Upper,West Virginia,Rucker,https://legiscan.com/WV/drafts/SB599/2026,Anti-Reproductive Rights,The abortifacient ban makes the medicine contraband at the pharmacy. A traveler goes untreated and grows weaker with every mile.
Requiring ultrasound before getting an abortifacient,WY Lower,Wyoming,Neiman,https://www.wyoleg.gov/Legislation/2025/HB0064,Anti-Reproductive Rights,"A clinic requires an ultrasound before dispensing an abortifacient, but its machine is broken. The delay leaves a traveler vomiting and unable to ride comfortably."
Heartbeat bill,WY Lower,Wyoming,Angelos,https://legiscan.com/WY/drafts/HB126/2026,Anti-Reproductive Rights,A roadside clinic detects a heartbeat and refuses the requested care under the heartbeat bill. Your party spends extra days searching while a traveler grows weaker from an untreated pregnancy complication.
Make it harder to pass ballot initiatives,AR Upper,Arkansas,Dotson,https://legiscan.com/AR/text/SB434/2025,Anti-Democracy,"A signature hurdle blocks a local emergency-services levy at the clerk’s desk. Later, your van finds the ambulance station closed, and a traveler’s untreated cut swells."
Require 2/3 vote for ballot initiative,AR Upper,Arkansas,Dotson,https://legiscan.com/AR/text/SB586/2025,Anti-Democracy,"A two-thirds rule defeats a measure funding the town’s water pumps. Your van reaches a dry roadside stop, and a traveler becomes dizzy before help arrives."
Requires 60% vote to amend constitution,AZ Lower,Arizona,Kolodin,https://www.azleg.gov/legtext/57leg/1R/bills/HCR2025P.htm,Anti-Democracy,"The diner owner points to an election clipping: a majority backed a constitutional right to care, but the new sixty-percent rule killed it. Across the street, your feverish companion waits outside a clinic that still demands payment before an examination."
Makes it harder to get initiatives on ballot,AZ Lower,Arizona,Keshel,https://legiscan.com/AZ/text/HCR2057/id/3111473,Anti-Democracy,"Harder ballot access leaves a rural clinic expansion off the agenda. When your van passes through, the understaffed clinic cannot see a traveler with worsening stomach pain."
Discourages people from signing onto ballot initiatives,FL Lower,Florida,Caruso,https://legiscan.com/FL/text/H0021/id/3082820,Anti-Democracy,"Threatening notices keep residents from signing a petition to reopen the fire station. A roadside blaze closes the route, and smoke leaves a traveler coughing."
Increase signature requirements for ballot initiatives,ID Upper,Idaho,State Affairs Committee,https://legiscan.com/ID/text/SJR101/id/3088783,Anti-Democracy,"The signature requirement defeats a proposal for a community water tank. Your van reaches the next stop with empty jugs, and a traveler becomes dehydrated."
Allows lobbyists to bring guns to the Capitol,IN Upper,Indiana,Tomes,https://legiscan.com/IN/text/SB0204/id/3040820,Anti-Democracy,"Armed lobbyists crowd the capitol entrance, and a sudden argument sends your party scrambling. A traveler twists an ankle in the rush."
Allow concealed weapons in the state capitol,MI Lower,Michigan,Johnsen,https://legiscan.com/MI/text/HB4756/2025,Anti-Democracy,"Concealed weapons are allowed inside the capitol, where a dropped pistol sparks panic. Your party flees through the crowd, leaving a traveler bruised."
Make MN Senate wildly favor rural counties,MN Lower,Minnesota,Wiener,https://legiscan.com/MN/text/HF478/id/3118651/Minnesota-2025-HF478-Introduced.pdf,Anti-Democracy,"A senate map gives a distant rural bloc control over urban hospital funding. Your van reaches a town where the urgent-care desk is closed, and a traveler’s fever rises."
Reapportioning the Senate so a county of 4k has the same number of Senators as Hennepin County (more than 1M people),MN Upper,Minnesota,Lucero,https://legiscan.com/MN/text/SF696/id/3079752,Anti-Democracy,"Equal senate seats for a tiny county and a huge one leave the highway district’s bridge bond stalled. Your van takes a rough detour, aggravating a traveler’s back pain."
Make it so landowners get to vote in local elections even if they don't live in the locality,MN Upper,Minnesota,Lucero,https://legiscan.com/MN/text/SF2274/id/3154215,Anti-Democracy,"Nonresident landowners control a local vote and reject funding for the public rest stop. Your van finds its water tap locked, and a traveler grows faint in the heat."
Making it harder to pass ballot initiatives,MO Lower,Missouri,Kelley,https://legiscan.com/MO/text/HJR16/2025,Anti-Democracy,"Procedural hurdles bury a ballot measure for the town’s ambulance service. When a traveler needs help, your van waits beside a dark station and the injury worsens."
Makes it harder to pass ballot initiatives,MO Lower,Missouri,Simmons,https://legiscan.com/MO/text/HJR52/2025,Anti-Democracy,"A new filing rule kills a proposal for a roadside clinic. Your van reaches the next town, where no nurse is on duty, and a traveler’s sore throat worsens."
Make it harder to pass ballot initiatives,MO Lower,Missouri,Wolfin,https://legiscan.com/MO/drafts/HJR85/2025,Anti-Democracy,"A signature hurdle blocks a local emergency-services levy at the clerk’s desk. Later, your van finds the ambulance station closed, and a traveler’s untreated cut swells."
Makes it harder to pass initiatives,MO Upper,Missouri,Schroer,https://www.senate.mo.gov/BillTracking/Bills/BillInformation?year=2026&billid=6457860,Anti-Democracy,"A technicality defeats a measure for maintaining the county’s wells. Your van finds the first pump broken, and a traveler’s thirst turns into dizziness."
Put right wing judges in charge of constitutional challenges,MT Upper,Montana,Fuller,https://legiscan.com/MT/text/SB97/id/3039633,Anti-Democracy,"Partisan judges delay a challenge to the closure of a public clinic. Your van reaches the town after dark, and a traveler’s untreated infection catches up with them."
Eliminate popular election of senators,MT Upper,Montana,Hertz,https://legiscan.com/MT/text/SJ22/2025,Anti-Democracy,"Senators are chosen without a popular election, and the courthouse erupts in protest. Your party is delayed in the crowd, and a traveler is knocked down."
Imposes a property ownership requirement to vote on bonding issues,ND Upper,North Dakota,Luick,https://legiscan.com/ND/text/SCR4022/2025,Anti-Democracy,"A property-only vote rejects bonds for the town’s emergency shelter. Your van finds no dry beds during a storm, and a traveler’s cold becomes a harsh cough."
State level Electoral College,NY Lower,New York,Molitor,https://legiscan.com/NY/text/A04339/id/3097540,Anti-Democracy,"At the shuttered cooling center, a volunteer explains that the statewide vote went one way and the new electoral system delivered the opposite governor. The replacement administration cut this center's funding, leaving your party to wait out the heat in a sweltering van."
State level electoral college,NY Lower,New York,Brabenec,https://legiscan.com/NY/drafts/A5202/2025,Anti-Democracy,"The motel television announces a governor elected through the new state electoral college despite losing the popular vote. Outside, demonstrators and police block the interchange; hours of idling traffic leave a traveler wheezing in the exhaust."
Bans schools from serving as polling places,NY Lower,New York,Durso,https://legiscan.com/NY/drafts/A6153/2025,Anti-Democracy,"Banning schools as polling places forces the town to use its emergency shelter for voting. A storm leaves no shelter space for your van, and a traveler’s knee swells in the rain."
Let lawmakers bring guns to work,OH Lower,Ohio,Claggett,https://legiscan.com/OH/text/HB460/2025,Anti-Democracy,"Lawmakers arrive at work carrying guns, and a hallway alarm scatters the crowd. A traveler falls against a bench and leaves with a painful bruise."
Let people concealed carry at the Capitol,OK Lower,Oklahoma,Jenkins,https://legiscan.com/OK/drafts/HB3094/2026,Anti-Democracy,"Concealed carry is permitted at the capitol, where a tense queue suddenly surges. Your party escapes, but a traveler’s shoulder is wrenched."
Make it harder for amendments to get on ballot,OK Upper,Oklahoma,Bullard,http://webserver1.lsb.state.ok.us/cf_pdf/2025-26%20INT/SB/SB116%20INT.PDF,Anti-Democracy,"A complicated ballot rule defeats an amendment funding bridge repairs. Your van takes a washboard detour, and a traveler’s fever worsens without a smooth ride to care."
Requiring ballot initiatives get a supermajority to pass,OK Upper,Oklahoma,Bergstrom,https://legiscan.com/OK/text/SJR5/id/3081612,Anti-Democracy,"A supermajority requirement defeats funding for the town’s cooling center. Your van reaches the overheated town, and a traveler becomes weak while waiting outside."
Making it harder for voters to pass constitutional amendments,OR Lower,Oregon,Reschke,https://legiscan.com/OR/text/HJR21/id/3139365,Anti-Democracy,"New hurdles block an amendment protecting local health funding. Your van finds the clinic’s hours cut, and a traveler’s illness gains ground before an appointment opens."
Require more signatures for an initiative,SD Lower,South Dakota,Mulally,https://legiscan.com/SD/drafts/HJR5004/2025,Anti-Democracy,"A higher signature threshold defeats a proposal for public drinking fountains. Your van reaches the next stop thirsty, and a traveler becomes dizzy before finding water."
Gives J6 rioters their right to vote back,TN Lower,Tennessee,Hulsey,https://legiscan.com/TN/text/HB445/2025,Anti-Democracy,"A former capitol rioter, emboldened by restored voting rights, confronts your party at a registration table and starts a shove. A traveler falls hard and bruises a hip."
Make amendments almost impossible to pass,TX Lower,Texas,Holt,https://legiscan.com/TX/text/HJR121/id/3077243,Anti-Democracy,"Residents tried to put clean-water protections into the constitution, but the new amendment hurdles stopped them. Your party learns why they tried only after filling its bottles at a tap with a contamination notice lying face-down nearby."
Stop popular election of senators,TX Lower,Texas,Harrison,https://legiscan.com/TX/text/HCR69/2025,Anti-Democracy,"Ending popular senate elections sparks a protest that blocks the highway interchange. Your van idles in exhaust, and a traveler’s asthma flares."
Lawmakers bring guns to the capitol,VT Upper,Vermont,Williams,https://legiscan.com/VT/drafts/S187/2026,Anti-Democracy,"Lawmakers bring guns into the capitol, and a careless discharge sends everyone running. A traveler falls on the steps and limps back to camp."
Allow people to bring guns to the state capitol,WV Lower,West Virginia,Smith,https://legiscan.com/WV/text/HB2051/2025,Anti-Democracy,"Visitors may bring guns inside the state capitol, turning a routine tour into a panicked evacuation. Someone in your party is bruised in the crush."
Allow people to bring guns to the Capitol,WV Lower,West Virginia,Anders,https://legiscan.com/WV/text/HB2427/2025,Anti-Democracy,"Firearms are allowed at the capitol, where an argument near the doors erupts. Your party retreats quickly, but a traveler suffers a sprained wrist."
Eliminate direct election of senators,WV Lower,West Virginia,Funkhouser,https://legiscan.com/WV/text/HCR74/2025,Anti-Democracy,"Insiders select the senators, and the resulting protest closes the town’s main bridge. Your van waits in the heat, leaving a traveler faint and dehydrated."
Allow concealed carry on the grounds of the Capitol,WV Lower,West Virginia,Smith,https://legiscan.com/WV/drafts/HB4370/2026,Anti-Democracy,"Concealed carry is allowed on capitol grounds, and a security scare sends your party behind a barricade. A traveler’s asthma flares in the dusty crowd."
Concealed Carry in the Capitol,WV Lower,West Virginia,Anders,https://legiscan.com/WV/text/HB4685/2026,Anti-Democracy,"The capitol’s concealed-carry rule creates a tense inspection line. Your party waits for hours, and a traveler’s dehydration becomes a serious concern."
Let people carry guns at the Capitol,WV Lower,West Virginia,Anders,https://legiscan.com/WV/drafts/HB5170/2026,Anti-Democracy,"People may carry guns at the capitol, and a shouted dispute triggers a stampede. A traveler is knocked down and needs the van’s spare bandages."
Let guns on Capitol grounds,WV Lower,West Virginia,Jeffries,https://legiscan.com/WV/drafts/HB5371/2026,Anti-Democracy,"Guns are permitted across the capitol grounds, so a panic empties the plaza. Your party loses its route and a traveler’s ankle swells after the scramble."
Allow state lawmakers to bring guns to the Capitol,WV Upper,West Virginia,Tarr,https://legiscan.com/WV/text/SB445/2025,Anti-Democracy,"State lawmakers arrive armed, and a security alarm locks the capitol doors. The delay leaves a traveler without a scheduled dose of medicine."
Allow people to bring guns to the Capitol,WV Upper,West Virginia,Maynard,https://legiscan.com/WV/text/SB928/2025,Anti-Democracy,"Firearms are allowed at the capitol, where an argument near the doors erupts. Your party retreats quickly, but a traveler suffers a sprained wrist."
Allow people to bring guns to the capitol,WV Upper,West Virginia,Maynard,https://legiscan.com/WV/drafts/SB948/2025,Anti-Democracy,"Visitors bringing guns to the capitol turn a civic stop into chaos. Your party escapes the crowd, but a traveler is left shaken and nauseated."
Increase fees on electric cars,FL Lower,Florida,Nix,https://legiscan.com/FL/text/HB37/2026,Pro-Iran,A new electric-car fee drains the party’s travel fund at the toll booth. The shorter food budget leaves a traveler lightheaded before the next camp.
Bans parking an electric car in a commercial parking garage,NH Lower,New Hampshire,Proulx,https://legiscan.com/NH/bill/HB182/2025,Pro-Iran,"A commercial garage refuses your electric van under the parking ban. Your party unloads outside in cold rain, and a traveler develops a hard cough."
Put radiation warnings on EVs,TX Lower,Texas,Shofner,https://legiscan.com/TX/text/HB5091/id/3174051,Pro-Iran,"The motel owner spots the radiation warning on your electric van and refuses to let it charge beside the building. You limp toward another charger with the air conditioning off, and a traveler slumps against the window, dizzy from the heat."
Social emotional learning ban,AL Lower,Alabama,Butler,https://legiscan.com/AL/text/HB582/2025,School Culture Wars,"Your party helps at a school's community supper, where staff say the ban ended their lessons on resolving conflict. An argument between pupils boils over without anyone stepping in; a traveler separating them takes an elbow to the ribs."
Abstinence Only Education,AL Upper,Alabama,Shelnutt,https://legiscan.com/AL/drafts/SB3/2026,School Culture Wars,"At a roadside pharmacy, a traveler quietly admits that their abstinence-only classes never covered the symptoms they're now describing. Embarrassment has kept them silent for days, and the infection hurts with every bump in the road."
Abstinence only education,AL Upper,Alabama,Shelnutt,https://legiscan.com/AL/drafts/SB209/2026,School Culture Wars,Abstinence-only teaching leaves an adult traveler without facts about contraception. A preventable scare interrupts the journey and causes days of stress.
Pro-life propaganda in schools,AR Lower,Arkansas,Bentley,https://legiscan.com/AR/drafts/HB1180/2025,School Culture Wars,"While earning gas money cleaning a school, a traveler has to listen to its required anti-abortion presentation through the classroom wall. It dredges up a painful hospital visit; by quitting time their hands are shaking too badly to hold the van keys."
Make it easier to ban books,AR Lower,Arkansas,McAlindon,https://legiscan.com/AR/text/HB1919/2025,School Culture Wars,"A librarian removes another useful book from the roadside shelf. A traveler loses the health information they needed and follows bad advice, becoming ill."
Require pro-life propaganda in schools,AR Lower,Arkansas,Bentley,https://legiscan.com/AR/text/HB1946/2025,School Culture Wars,"A traveler remembers the school's required anti-abortion film whenever they reach for the clinic's number. They keep putting the phone down, and by nightfall the pain they've been hiding forces the van onto the shoulder."
Lets students use fake SATs to get into college,AR Upper,Arkansas,Dotson,https://legiscan.com/AR/text/SB183/id/3096250,School Culture Wars,"A tutoring job pays for your next tank of fuel, but the newly accepted ideological entrance exam is nothing like the test the traveler prepared to teach. They spend the night rebuilding their lessons instead of sleeping and climb back into the van with a splitting headache."
Require pro-life propaganda in schools,AR Upper,Arkansas,Davis,https://legiscan.com/AR/drafts/SB450/2025,School Culture Wars,"A traveler remembers the school's required anti-abortion film whenever they reach for the clinic's number. They keep putting the phone down, and by nightfall the pain they've been hiding forces the van onto the shoulder."
Would make it a crime for a library to let a kid look up anything obscene online,AZ Upper,Arizona,Hoffman,https://legiscan.com/AZ/text/SB1090/2025,School Culture Wars,"A librarian fears criminal charges for letting anyone search an obscene term online. Your party cannot find urgent health information, and a traveler’s rash worsens."
Loosen reading requirements,CT Lower,Connecticut,Zupkus,https://legiscan.com/CT/text/HB5250/2025,School Culture Wars,"A traveler earning a little money tutoring a local graduate discovers how much reading instruction the school stopped requiring. They work late untangling the gaps, then skip supper to stretch the small fee; by morning their hands tremble from hunger."
Bans state mandated reading curricula,CT Upper,Connecticut,Sampson,https://legiscan.com/CT/text/SB00037/id/3041869,School Culture Wars,"Without the statewide reading curriculum, the school hired your traveler to sort shelves of conflicting replacement materials. They spend a sweltering afternoon hauling book crates for travel money and return to the van with a strained back."
Allows parents to pull their kids out of any class for any reason,CT Upper,Connecticut,Sampson,https://legiscan.com/CT/text/SB00044/id/3041915,School Culture Wars,"At a school fundraiser, a parent pulls a child out of the safety demonstration just as your party sets up the food stalls. Minutes later the child reaches across a hot griddle; a traveler pulls them back and burns a forearm against the rim."
"Bans organizations with ""biased political ideologies"" from receiving state funds",CT Upper,Connecticut,Sampson,https://legiscan.com/CT/drafts/SB135/2025,School Culture Wars,A group labeled politically biased loses state funding and closes its traveling health workshop. A traveler misses practical care advice and develops a lingering cough.
Makes it easier to ban books,CT Upper,Connecticut,Fazio,https://legiscan.com/CT/text/SB532/2025,School Culture Wars,"The easier book-ban process strips the public library shelf bare. A traveler loses a trusted guidebook and misjudges a remedy, worsening their stomach trouble."
Requires pro-life propaganda in schools,IA Lower,Iowa,Fett,https://legiscan.com/IA/text/HB76/2025,School Culture Wars,Mandatory pro-life propaganda crowds out reproductive health instruction at a community class. A traveler receives no useful answer and spends the next leg anxious and sick.
Requiring schools to show pro life propaganda,IA Lower,Iowa,Education Committee,https://legiscan.com/IA/drafts/HB391/2025,School Culture Wars,"Teachers must show pro-life material before discussing health, leaving a traveler frightened and confused. Their poor sleep makes the van journey miserable."
Book ban,IA Lower,Iowa,Hayes,https://legiscan.com/IA/text/HB558/2025,School Culture Wars,A book ban removes the library’s trail guide explaining infected cuts. A traveler’s wound festers after the party guesses at care.
Make it easier to ban books,IA Upper,Iowa,Evans,https://legiscan.com/IA/drafts/SF2119/2025,School Culture Wars,"A librarian removes another useful book from the roadside shelf. A traveler loses the health information they needed and follows bad advice, becoming ill."
Make it easier to ban books,ID Lower,Idaho,House State Affairs,https://legiscan.com/ID/text/H0795/id/3379595,School Culture Wars,"A librarian removes another useful book from the roadside shelf. A traveler loses the health information they needed and follows bad advice, becoming ill."
Pro-life propaganda,ID Upper,Idaho,Senate Education Committee,https://legiscan.com/ID/text/S1046/id/3093934,School Culture Wars,"A traveler recognizes the slogans on the roadside billboard from the school's pro-life lessons. Afraid a clinic will repeat the same accusations, they keep a worsening reproductive-health problem secret until the pain interrupts their sleep."
Encourages book bans,IN Upper,Indiana,Byrne,https://legiscan.com/IN/text/SB442/2025,School Culture Wars,"The school encourages another book ban, and the public library locks its medical shelf. A traveler cannot check symptoms and becomes feverish."
Legalizing the right wing SAT,IN Upper,Indiana,Byrne,https://legiscan.com/IN/text/SB0088/id/3288181,School Culture Wars,"The college-prep center offers work tutoring for a newly approved ideological admissions test. A traveler spends their rest stop learning its unfamiliar material to keep the job, then boards the van hollow-eyed and exhausted."
Ban on nicknames,KS Upper,Kansas,Education Committee,https://legiscan.com/KS/text/SB76/id/3084011,School Culture Wars,"Your party is unloading donated food at a school shelter when a staff member refuses to use a traveler's chosen name, citing the nickname ban. The argument happens in front of the entire queue, and the traveler retreats to the van fighting a panic attack."
Require schools to show pro life propaganda,KS Upper,Kansas,Federal and State Affairs Committee,https://legiscan.com/KS/drafts/SB275/2025,School Culture Wars,A community classroom must display pro-life propaganda before any health discussion. A traveler leaves without contraceptive information and later suffers a preventable scare.
Makes schools show pro-life propaganda,KY Lower,Kentucky,Tate,https://legiscan.com/KY/text/HB397/id/3106783,School Culture Wars,"Schools are ordered to show pro-life propaganda, making a traveler afraid to ask about care at a clinic workshop. They hide worsening symptoms until the party must stop."
"Makes it easier to ban books, even ones that won awards",KY Lower,Kentucky,Calloway,https://legiscan.com/KY/text/HB653/id/3129184,School Culture Wars,"Even award-winning books are easy to ban, so a celebrated medical memoir disappears from the public library. A traveler loses guidance and treats an injury poorly."
Limits sex ed,MA Lower,Massachusetts,DeCoste,https://malegislature.gov/Bills/194/HD1888,School Culture Wars,"Sex education is limited to a few warnings at the roadside learning center, leaving a traveler unprepared for a health question. Anxiety keeps them awake and slows departure."
Totally deregulate homeschooling,MA Lower,Massachusetts,Boldyga,https://malegislature.gov/Bills/194/HD3479,School Culture Wars,Totally deregulated homeschooling leaves a roadside lesson omitting basic first aid. A traveler copies the mistake and ends up with an infected scrape.
Nickname ban,ME Lower,Maine,Lyman,https://legiscan.com/ME/text/LD1002/2025,School Culture Wars,"A school running a storm shelter insists that the name on a traveler's ID must replace the name they use. After repeated public corrections, they abandon their cot for the cold van and spend the night shivering."
Require pro life propaganda in schools,ME Lower,Maine,Guerin,https://legiscan.com/ME/text/LD1716/2025,School Culture Wars,"Pro-life material is required in the community classroom, crowding out accurate reproductive care. A traveler delays help after hearing a frightening false claim."
Require schools to show pro life propaganda,MI Upper,Michigan,Lindsey,https://legiscan.com/MI/text/SB119/2025,School Culture Wars,A community classroom must display pro-life propaganda before any health discussion. A traveler leaves without contraceptive information and later suffers a preventable scare.
Ban student speakers from swearing,MN Upper,Minnesota,Gruenhagen,https://legiscan.com/MN/text/SF805/id/3089461,School Culture Wars,"At a school fundraiser, a student uses a swear word while pleading for repairs to the broken bleachers. Staff cut the microphone under the speech rule; your party hears none of the warning before a loose board gives way beneath a traveler's foot."
Narrow cyberbullying protections,MN Upper,Minnesota,Coleman,https://legiscan.com/MN/text/SF3042/2025,School Culture Wars,Narrow cyberbullying protections leave a traveler’s companion targeted online. Sleepless worry gives the traveler a headache that lingers across the trail.
Require pro-life propaganda,MO Lower,Missouri,Christensen,https://house.mo.gov/Bill.aspx?bill=HB461&year=2025&code=R,School Culture Wars,Required pro-life lessons leave a community health class no time for practical instruction. A traveler cannot identify their symptoms and grows weak before camp.
Book Ban,MO Lower,Missouri,Christensen,https://documents.house.mo.gov/billtracking/bills251/hlrbillspdf/1591H.01I.pdf,School Culture Wars,The public library’s book ban removes its wilderness medicine shelf. A traveler’s cut goes untreated after the party cannot check how to clean it.
Make it easier to ban books,MO Lower,Missouri,Riggs,https://legiscan.com/MO/sponsors/HB2217/2026,School Culture Wars,"A librarian removes another useful book from the roadside shelf. A traveler loses the health information they needed and follows bad advice, becoming ill."
Pro life propaganda,MO Lower,Missouri,Titus,https://legiscan.com/MO/text/HB2581/id/3298703,School Culture Wars,"Pro-life propaganda fills the classroom, and a traveler is too embarrassed to ask about contraception at the workshop. A preventable scare leaves them nauseated and distracted."
Pro-Life propaganda,MO Lower,Missouri,Titus,https://legiscan.com/MO/bill/HB2744/2026,School Culture Wars,Pro-Life posters replace the health curriculum at the next community class. A traveler misses warning signs and develops a painful infection.
Make it easier to ban books,MO Lower,Missouri,Justus,https://legiscan.com/MO/sponsors/HB3005/2026,School Culture Wars,"A librarian removes another useful book from the roadside shelf. A traveler loses the health information they needed and follows bad advice, becoming ill."
Book ban,MO Upper,Missouri,Nicola,https://legiscan.com/MO/text/SB765/id/3143623,School Culture Wars,A book ban removes the library’s trail guide explaining infected cuts. A traveler’s wound festers after the party guesses at care.
Bans teachers from using nicknames,MS Upper,Mississippi,England,https://legiscan.com/MS/text/SB2468/id/3073030,School Culture Wars,"A traveler picks up cleaning work at a school where teachers are forbidden to use students' chosen nicknames. Hearing a pupil publicly humiliated brings back the traveler's own school years, and a stress migraine cuts the shift short."
Make sex ed opt in instead of opt out,MT Lower,Montana,Hinkle,https://legiscan.com/MT/text/HB471/2025,School Culture Wars,"Sex education becomes opt-in, and a traveler misses the enrollment form at the community center. They lack basic information and suffer a frightening health scare."
Make sex ed opt in,NC Lower,North Carolina,Torbett,https://legiscan.com/NC/text/HB595/2025,School Culture Wars,"With sex ed opt-in, the community center provides your party no practical prevention lesson. A traveler’s worry and sleeplessness drain their strength."
Book ban,NC Lower,North Carolina,Jackson,https://legiscan.com/NC/text/HB636/2025,School Culture Wars,A book ban removes the library’s trail guide explaining infected cuts. A traveler’s wound festers after the party guesses at care.
Ban teaching of evolution,ND Upper,North Dakota,Dwyer,https://legiscan.com/ND/text/SB2355/id/3078132,School Culture Wars,"Evolution disappears from the adult science lesson, replaced by an argument that confuses a traveler about infection. They postpone treatment and become feverish."
Eliminates prohibition on suspending pre-k students,NE,Nebraska,Hansen,https://legiscan.com/NE/text/LB149/2025,School Culture Wars,A local parent hires a traveler to watch a preschooler suspended under the new discipline rule. The child needs comfort long past the promised pickup time; the traveler earns gas money but loses a night's sleep and returns to the road unsteady with fatigue.
Make it easier to ban books,NH Lower,New Hampshire,Cordelli,https://legiscan.com/NH/text/HB324/id/3043771,School Culture Wars,"A librarian removes another useful book from the roadside shelf. A traveler loses the health information they needed and follows bad advice, becoming ill."
Requires schools to show video of a simulated abortion once per year,NH Lower,New Hampshire,Sellers,https://legiscan.com/NH/drafts/HB662/2025,School Culture Wars,"A community program must show a simulated abortion video each year, and a traveler panics during the screening. Nausea and shaking make the next day’s ride difficult."
Ban on using materials from WEF in class,NH Lower,New Hampshire,Morse,https://legiscan.com/NH/drafts/HB1448/2026,School Culture Wars,"The tutor discards class materials associated with the WEF, including a useful public-health chart. A traveler misses a warning about dehydration and becomes dizzy."
Pro Life Propaganda,NH Lower,New Hampshire,Sellers,https://legiscan.com/NH/bill/HB1493/2026,School Culture Wars,"Pro-life propaganda is placed in every classroom, frightening a traveler away from asking about care at a public workshop. They hide worsening pain until the party must stop."
Make it easier to ban books,NH Upper,New Hampshire,Avard,https://legiscan.com/NH/bill/SB33/2025,School Culture Wars,"A librarian removes another useful book from the roadside shelf. A traveler loses the health information they needed and follows bad advice, becoming ill."
Make it easier to ban books,NM Lower,New Mexico,Block,https://legiscan.com/NM/text/HB558/id/3134386,School Culture Wars,"A librarian removes another useful book from the roadside shelf. A traveler loses the health information they needed and follows bad advice, becoming ill."
Pro life propaganda,OH Upper,Ohio,Johnson,https://legiscan.com/OH/drafts/SB310/2025,School Culture Wars,"Pro-life propaganda fills the classroom, and a traveler is too embarrassed to ask about contraception at the workshop. A preventable scare leaves them nauseated and distracted."
Furry Ban,OK Lower,Oklahoma,Humphrey,https://legiscan.com/OK/text/HB1327/id/3057648,School Culture Wars,A school festival where your party is selling snacks turns into a confrontation over a visitor's animal costume. Staff invoke the furry ban and try to remove them; a traveler caught between the retreating crowd and the serving table wrenches a wrist.
Make it easier to ban books,OK Lower,Oklahoma,Banning,https://legiscan.com/OK/drafts/HB2978/2026,School Culture Wars,"A librarian removes another useful book from the roadside shelf. A traveler loses the health information they needed and follows bad advice, becoming ill."
Bans any facility that hosts child care from having any print or nonprint materials related to sexual orientation,OK Upper,Oklahoma,Woods,https://legiscan.com/OK/sponsors/SB210/2025,School Culture Wars,"A child-care center removes every printed item about sexual orientation. A traveler’s companion loses trusted support, and the resulting sleeplessness leaves the traveler exhausted."
Making sex ed optional for everyone,OK Upper,Oklahoma,Jett,https://legiscan.com/OK/text/SB413/id/3082324,School Culture Wars,"Sex ed becomes optional for everyone, so the community center offers no lesson before your party leaves. A traveler makes an avoidable health mistake and becomes sick."
Requiring pro life propaganda,OK Upper,Oklahoma,Bullard,https://legiscan.com/OK/drafts/SB1865/2026,School Culture Wars,The community center requires pro-life propaganda and cancels its health counseling hour. A traveler’s untreated symptoms worsen while the van moves on.
Requiring intelligent design be taught,OK Upper,Oklahoma,Bullard,https://legiscan.com/OK/drafts/SB1868/2026,School Culture Wars,"Intelligent design is required beside science lessons at the adult learning center, confusing a traveler about how infections spread. They delay treatment and develop a fever."
Pro Life Propaganda,OK Upper,Oklahoma,Daniels,https://legiscan.com/OK/drafts/SB1668/2026,School Culture Wars,"Pro-life propaganda is placed in every classroom, frightening a traveler away from asking about care at a public workshop. They hide worsening pain until the party must stop."
Ban on school employees rejecting gender binary,OK Upper,Oklahoma,Jett,https://legiscan.com/OK/drafts/SB1756/2026,School Culture Wars,"A school offers your party shelter from a storm, but an employee says the gender-binary rule prevents them from acknowledging a traveler's identity. Public humiliation drives the traveler back to the van, shaking and unable to sleep."
Eliminate sex ed programs,OK Upper,Oklahoma,Jett,https://legiscan.com/OK/drafts/SB1737/2026,School Culture Wars,"Sex education programs vanish from the community clinic, leaving a traveler without guidance about a spreading rash. By the next camp, it is painful and inflamed."
Makes it easier to ban books,OR Lower,Oregon,Levy,https://legiscan.com/OR/text/HB2368/2025,School Culture Wars,"The easier book-ban process strips the public library shelf bare. A traveler loses a trusted guidebook and misjudges a remedy, worsening their stomach trouble."
Pro-life propaganda,PA Lower,Pennsylvania,Hamm,https://legiscan.com/PA/text/HB606/id/3118777,School Culture Wars,"A traveler recognizes the slogans on the roadside billboard from the school's pro-life lessons. Afraid a clinic will repeat the same accusations, they keep a worsening reproductive-health problem secret until the pain interrupts their sleep."
Pro-life propaganda,PA Upper,Pennsylvania,Brooks,https://legiscan.com/PA/text/SB973/2025,School Culture Wars,"A traveler recognizes the slogans on the roadside billboard from the school's pro-life lessons. Afraid a clinic will repeat the same accusations, they keep a worsening reproductive-health problem secret until the pain interrupts their sleep."
Lets parents take kids out of sex ed,RI Lower,Rhode Island,Roberts,https://legiscan.com/RI/text/HB5837/2025,School Culture Wars,"A traveler admits that their parents pulled them out of every sex-education class. They never learned to recognize the symptoms now making the long drive painful, and put off asking for help until the next town is hours behind you."
Ban all statewide curricular requirements,RI Upper,Rhode Island,Morgan,https://legiscan.com/RI/text/SB233/2025,School Culture Wars,"State curricular requirements disappear, so each roadside tutoring program teaches a different version of first aid. A traveler follows conflicting advice and aggravates a sprain."
Abolish state board of education,SC Lower,South Carolina,Collins,https://www.scstatehouse.gov/billsearch.php?billnumbers=3456&session=126&summary=B,School Culture Wars,"With the state education board abolished, the school has no one to settle a dispute over its replacement materials. A traveler taking temporary tutoring work spends the rest stop trying to make sense of conflicting guidance and returns to the van sleepless, with a pounding head."
Pro-life propaganda in schools,SC Lower,South Carolina,Oremus,https://www.scstatehouse.gov/billsearch.php?billnumbers=3256&session=126&summary=B,School Culture Wars,"While earning gas money cleaning a school, a traveler has to listen to its required anti-abortion presentation through the classroom wall. It dredges up a painful hospital visit; by quitting time their hands are shaking too badly to hold the van keys."
Requires schools to allow speakers who rebut speakers they disagree with,SC Lower,South Carolina,Mitchell,https://legiscan.com/SC/text/HB3758/2025,School Culture Wars,"A community forum must give equal time to speakers rebutting one another, turning a health lesson into a shouting match. A traveler leaves confused and misses a warning about contaminated water."
Bans social studies curricular assessments from people who have been critical of elements of society,SC Lower,South Carolina,Teeple,https://legiscan.com/SC/text/H3912/id/3105076,School Culture Wars,A school rejects a traveler's tutoring materials because their author criticized parts of society. The day's job disappears before it starts; the traveler skips dinner to keep enough money for the road and wakes dizzy with hunger.
Require schools show pro life propaganda,SD Lower,South Dakota,Randolph,https://legiscan.com/SD/text/HB1172/2025,School Culture Wars,"Schools are ordered to show pro-life propaganda, and a traveler’s honest health question goes unanswered at the community class. Their fear delays care until symptoms force a halt."
Pro life propaganda,SD Lower,South Dakota,Kayser,https://legiscan.com/SD/drafts/HB1313/2026,School Culture Wars,"Pro-life propaganda fills the classroom, and a traveler is too embarrassed to ask about contraception at the workshop. A preventable scare leaves them nauseated and distracted."
"Lets students take a fake, right wing SAT",TN Lower,Tennessee,Slater,https://legiscan.com/TN/drafts/HB0075/2025,School Culture Wars,"At a roadside schoolhouse, your party watches local students sit for a partisan imitation of the SAT. A heated argument spills into the parking lot; a traveler is shoved against a signpost and leaves with a bruised shoulder."
Honoring Riley Gaines for finishing in 5th place,TN Lower,Tennessee,Garrett,https://legiscan.com/TN/text/HJR33/2025,School Culture Wars,"A banner celebrates a swimmer who finished fifth, and your party is asked to applaud the new champion of participation. The ceremony runs long; a traveler misses lunch and grows shaky before the next stretch of road."
Removes home school requirements,TN Lower,Tennessee,Warner,https://legiscan.com/TN/text/HB0552/2025,School Culture Wars,"A shelter offers your traveler a paid tutoring shift with a family whose home-school records were never required. Working out where to begin takes the whole evening, and the traveler returns to the van too tired to eat, with a headache behind their eyes."
Deregulate home schools,TN Lower,Tennessee,Grills,https://legiscan.com/TN/text/HB1152/id/3104973,School Culture Wars,"A family joins your route with homemade textbooks and no outside review. Their lessons contradict the map and basic first aid, and a traveler follows bad instructions during a mishap, worsening a minor injury."
Allows students to take the fake SAT,TN Upper,Tennessee,Pody,https://legiscan.com/TN/text/SB150/2025,School Culture Wars,The tutoring center hires a traveler to prepare students for the newly accepted ideological admissions test. The usual SAT materials are useless for this assignment; an unpaid night rewriting lessons leaves the traveler exhausted before the next day's drive.
Broad Obscenity Law,TX Lower,Texas,Schatzline,https://capitol.texas.gov/tlodocs/89R/billtext/pdf/HB01375I.pdf#navpanes=0,School Culture Wars,"A sweeping obscenity rule makes a roadside library lock away novels, manuals, and medical pamphlets alike. When a traveler needs instructions for treating a burn, the useful book is behind the same barred door."
Allows you to bring a gun to a polling place,TX Lower,Texas,Tepper,https://legiscan.com/TX/drafts/HB1794/2025,School Culture Wars,"At a crowded polling station, an armed stranger insists the law protects the pistol at their hip. A shout becomes a shove, and a traveler falls hard on the concrete, nursing a split lip while your party waits for police."
Bans state universities from teaching that transgender people exist,TX Lower,Texas,Harrison,https://legiscan.com/TX/text/HB2339/id/3096899,School Culture Wars,"A university tour quietly removes every lesson acknowledging transgender people. A young traveler searching for language to explain their distress finds only blank pages and withdraws from the group, missing meals and sleep for days."
Ban regulating homeschools,TX Lower,Texas,Harrison,https://legiscan.com/TX/text/HB2674/2025,School Culture Wars,"At a library stop, a traveler meets a homeschooled child hiding bruises and asking how to contact someone outside the household. With oversight barred and no school contact to turn to, the traveler spends the night helping find assistance, then returns to the van sleepless and shaken."
Makes it so any state resident can request a book be banned in any library,TX Lower,Texas,Isaac,https://legiscan.com/TX/text/HB3690/2025,School Culture Wars,"Any resident can demand that any library book vanish, so a roadside librarian boxes the navigation guides while angry patrons crowd the desk. A traveler is knocked into a cart and limps back to the van."
Require pro-life propaganda be shown in schools,TX Lower,Texas,Shofner,https://legiscan.com/TX/text/HB3739/2025,School Culture Wars,"A school assembly projects graphic anti-abortion slides before dismissing students for the day. A traveler becomes nauseated and shaken, then rides silently with a headache while the party loses its cheerful pace."
Require schools to show pro life propaganda,TX Lower,Texas,Richardson,https://legiscan.com/TX/text/HB3972/id/3156799,School Culture Wars,A community classroom must display pro-life propaganda before any health discussion. A traveler leaves without contraceptive information and later suffers a preventable scare.
Make it easier to ban books,TX Lower,Texas,Schatzline,https://legiscan.com/TX/text/HB4056/2025,School Culture Wars,"A librarian removes another useful book from the roadside shelf. A traveler loses the health information they needed and follows bad advice, becoming ill."
Bans books with swears in them,TX Lower,Texas,Richardson,https://legiscan.com/TX/text/HB4198/2025,School Culture Wars,"A book containing ordinary swear words is pulled from the lending shelf, including the repair manual your party needs. When the axle starts smoking, a traveler burns a palm improvising a fix and spends the night in pain."
Require pro life propaganda in schools,TX Lower,Texas,Lowe,https://legiscan.com/TX/text/HB4208/2025,School Culture Wars,"Pro-life material is required in the community classroom, crowding out accurate reproductive care. A traveler delays help after hearing a frightening false claim."
Makes it so state has to approve college curriculum,TX Lower,Texas,Shaheen,https://legiscan.com/TX/text/HB4499/2025,School Culture Wars,"The state office demands approval of every college course, freezing a small campus's classes mid-term. A traveler loses access to the emergency medicine seminar that might have explained a persistent fever."
Furry ban,TX Lower,Texas,Gerdes,https://capitol.texas.gov/tlodocs/89R/billtext/pdf/HB04814I.pdf#navpanes=0,School Culture Wars,Your party's snack stall is caught in a scuffle at a school festival when staff invoke the furry ban against a costumed visitor. A traveler trips over the stall's folding leg in the rush and comes back to the van with a swollen ankle.
Furry Ban,TX Lower,Texas,Gerdes,https://legiscan.com/TX/text/HB54/2025,School Culture Wars,A school festival where your party is selling snacks turns into a confrontation over a visitor's animal costume. Staff invoke the furry ban and try to remove them; a traveler caught between the retreating crowd and the serving table wrenches a wrist.
Ban any book describing sex,TX Lower,Texas,Shofner,https://legiscan.com/TX/text/HB5460/2025,School Culture Wars,"A library hides every book that describes sex, including a plain health handbook. When a traveler develops a worrying symptom, embarrassment and missing information turn a simple question into a long, painful delay."
Bans some types of sex ed,TX Upper,Texas,Hall,https://legiscan.com/TX/text/SB1396/id/3130070,School Culture Wars,"A school removes lessons on contraception and consent, leaving students to trade rumors behind the cafeteria. One traveler believes dangerous advice and later faces an avoidable health scare that slows the whole party."
"Bans teaching courses that ""distort historical events""",TX Upper,Texas,Hughes,https://legiscan.com/TX/text/SB2098/2025,School Culture Wars,"The school cancels a traveler's guest-history talk, warning that its account could be called a distortion under the new course rule. The promised fee was dinner money; after another meal skipped, the traveler feels faint loading the van."
Bans regulation of home schooling,TX Upper,Texas,Hagenbuch,https://legiscan.com/TX/text/SB2414/2025,School Culture Wars,"A local family hires a traveler for tutoring after years without outside review of their homeschooling. Untangling the gaps takes far longer than the paid hour, and the traveler gives up their rest break to help, returning to the van worn out and aching."
Pro-life propaganda in schools,TX Upper,Texas,Paxton,https://legiscan.com/TX/text/SB64/2025x,School Culture Wars,"While earning gas money cleaning a school, a traveler has to listen to its required anti-abortion presentation through the classroom wall. It dredges up a painful hospital visit; by quitting time their hands are shaking too badly to hold the van keys."
Makes it easier for child abusers to home school their kids,UT Lower,Utah,Peck,https://legiscan.com/UT/drafts/HB0209/2025,School Culture Wars,"A known bully gains an easy path to educate children at home without meaningful checks. Your party encounters a silent child with untreated bruises, and the delayed help leaves everyone shaken and off schedule."
Makes it easier to ban books,VA Lower,Virginia,Higgins,https://legiscan.com/VA/drafts/HB2373/2025,School Culture Wars,"The easier book-ban process strips the public library shelf bare. A traveler loses a trusted guidebook and misjudges a remedy, worsening their stomach trouble."
Relaxes requirements on homeschooling,VA Lower,Virginia,Earley,https://lis.virginia.gov/bill-details/20251/HB2304,School Culture Wars,"Your traveler picks up a tutoring shift with a family who dropped its lesson plan after homeschooling requirements eased. The promised quick session stretches deep into the evening; by departure, fatigue has turned the traveler's headache into a migraine."
"Requires schools to disclose every book they have online, making it easier for gadflies to ban books",VA Lower,Virginia,Freitas,https://legiscan.com/VA/text/HB2190/id/3042393,School Culture Wars,"The school's newly published library list has brought a flood of challenges, and your traveler earns gas money packing disputed books away. Hauling one last overfilled carton to storage sends a sharp pain through their lower back."
Requires schools to show pro-life propaganda,VA Lower,Virginia,Scott,https://legiscan.com/VA/text/HB2440/id/3042732,School Culture Wars,"A mandatory school video describes pregnancy through a single moral lens and offers no space for questions. A traveler leaves distressed, refuses supper, and wakes too weak for the next day's climb."
Makes it so homeschool parents don't have to have graduated high school,VA Lower,Virginia,Higgins,https://legiscan.com/VA/text/HB2551/id/3051919,School Culture Wars,"A homeschooling parent hires your traveler to help with subjects they never finished in high school. With no outside qualification required, those gaps went unnoticed until now; the traveler works through their rest break and returns to the van drained and headachy."
Require libraries have an age restricted section with Beloved in it,VA Upper,Virginia,Head,https://lis.virginia.gov/bill-details/20251/SB931/text/SB931,School Culture Wars,"At the library, a traveler asks why Beloved has been shelved behind the age-restricted door. A patron overhears and starts shouting accusations; the traveler leaves without a book, hands trembling through a panic attack in the parking lot."
Bans schools from addressing students as anything but the name on the birth certificate,WA Upper,Washington,McCune,https://legiscan.com/WA/bill/SB5136/2025,School Culture Wars,"Teachers must use only names printed on birth certificates, so a traveler is repeatedly called a rejected name at a registration desk. The humiliation triggers a panic attack and leaves the party waiting for recovery."
Eliminates requirement that students need to learn about different cultures,WA Upper,Washington,McCune,https://legiscan.com/WA/text/SB5564/id/3086720,School Culture Wars,"A school drops its requirement to study other cultures, and the next camp treats unfamiliar customs as foolishness. A traveler insults a host family, closing the only safe water source nearby."
Pro-life propaganda,WI Upper,Wisconsin,Felzkowski,https://legiscan.com/WI/text/SB371/2025,School Culture Wars,"A traveler recognizes the slogans on the roadside billboard from the school's pro-life lessons. Afraid a clinic will repeat the same accusations, they keep a worsening reproductive-health problem secret until the pain interrupts their sleep."
Mandate pro-life propaganda in schools,WV Lower,West Virginia,Coop-Gonzalez,https://legiscan.com/WV/text/HB2150/2025,School Culture Wars,"Another school assembly requires anti-abortion messaging before any science lesson. A traveler becomes dizzy during the presentation, and the party spends its afternoon finding shade and coaxing them to eat."
Censoring libraries and museums,WV Lower,West Virginia,Hillenbrand,https://legiscan.com/WV/text/HB2396/2025,School Culture Wars,"Your traveler takes a paid shift helping a museum remove newly censored exhibits. A heavy display panel slips while they're packing it away, catching their hand against the crate and leaving swollen fingers for the drive ahead."
Eliminate homeschool reporting requirements,WV Lower,West Virginia,Crouse,https://legiscan.com/WV/text/HB2777/2025,School Culture Wars,"A family at the shelter asks your traveler for tutoring help after discovering how far their child fell behind without required homeschool reports. The session runs into the traveler's sleeping hours, and they climb back into the van with aching eyes and unsteady concentration."
Camera in every single room in a school,WV Lower,West Virginia,Crouse,https://legiscan.com/WV/text/HB2779/2025,School Culture Wars,"Cameras watch every room of a school, including counseling and changing areas. A traveler avoids asking for help with a spreading rash, and the untreated problem worsens during the journey."
"Ban on using ""woke"" words",WV Lower,West Virginia,Crouse,https://legiscan.com/WV/drafts/HB4079/2026,School Culture Wars,"A teacher is reprimanded for using a forbidden woke word while explaining a public-health notice. The class stops asking questions, and a traveler misreads the warning about contaminated water."
Pro life propaganda requirements,WV Upper,West Virginia,Rucker,https://legiscan.com/WV/sponsors/SB412/2026,School Culture Wars,"Schools must display anti-abortion propaganda between lessons, turning the hallway into a daily gauntlet. One traveler develops a stress headache and cannot keep watch during the evening camp setup."
Allow for the fake SAT,WV Upper,West Virginia,Rucker,https://legiscan.com/WV/sponsors/SB69/2026,School Culture Wars,"A temporary tutoring job requires preparation for the state's newly accepted alternative admissions test. Your traveler's usual materials don't fit, and an unpaid overnight rewrite leaves them nauseated with fatigue when the van is ready to leave."
Divisive concepts ban,WV Upper,West Virginia,Azinger,https://legiscan.com/WV/drafts/SB591/2026,School Culture Wars,"A divisive-concepts ban makes teachers avoid slavery, segregation, and present-day prejudice alike. A traveler hears a sanitized history, trusts a hostile guide, and leads your party into an avoidable confrontation."
Require pro life propaganda,WY Lower,Wyoming,Guggenmos,https://legiscan.com/WY/drafts/HB186/2026,School Culture Wars,"A principal must show anti-abortion propaganda before permitting class to begin. The repeated ordeal leaves a traveler queasy and distracted, and a loose wheel goes unnoticed until it nearly fails."
Discourage vaccination,AK Lower,Alaska,Schwenke,https://legiscan.com/AK/text/HB279/id/3330550,Anti-Vaccine,"A roadside pamphlet mocks vaccination, and one traveler follows its advice after a coughing stranger joins camp. The illness spreads through the van, leaving several people feverish and slowing every mile."
Require parental consent for a teenager to get vaccinated,AL Lower,Alabama,Brown,https://legiscan.com/AL/text/HB2/2025,Anti-Vaccine,A teenager in your party reaches a clinic for a needed shot but cannot find a parent to sign the form. The delay leaves the traveler exposed when sickness sweeps through the next crowded stop.
Ban public funds from being used to promote vaccination,AL Lower,Alabama,Butler,https://legiscan.com/AL/text/HB367/2025,Anti-Vaccine,"The public clinic has no funds for vaccination outreach, so its warning posters disappear and appointments thin out. A traveler misses timely protection and later develops a preventable fever on the road."
Gutting vaccine requirements,AL Lower,Alabama,Butler,https://legiscan.com/AL/text/HB444/2025,Anti-Vaccine,"A school drops most vaccine requirements, and a crowded departure hall fills with coughing children. Your party catches the outbreak, forcing one traveler to rest while the others haul supplies."
Gut vaccine mandates,AL Lower,Alabama,Butler,https://legiscan.com/AL/text/HB503/2025,Anti-Vaccine,"With vaccine mandates gutted, a bus company hires workers with lower vaccination uptake for the crowded route. An unwell passenger sits beside your party, and a traveler begins coughing by nightfall."
Eliminate vaccination requirements,AL Lower,Alabama,Butler,https://legiscan.com/AL/drafts/HB24/2026,Anti-Vaccine,"A settlement eliminates its vaccination requirements just before your party arrives. A traveler accepts the new freedom, then falls sick after sharing a water pump with an infected child."
Gutting vaccine mandates,AL Upper,Alabama,Orr,https://legiscan.com/AL/text/SB85/id/3100811,Anti-Vaccine,"The town tears down its immunization rules and advertises the change as liberty. Your party leaves behind a clinic visit, and a traveler pays for the gamble with chills and a lost day."
Create criminal penalties for offering vaccines,AR Upper,Arkansas,King,https://legiscan.com/AR/bill/SB6/2025,Anti-Vaccine,"A nurse whispers that offering a vaccine could bring criminal charges, then puts the syringe away. A traveler misses the dose and becomes dangerously ill when the next outbreak reaches camp."
Lifting vaccine requirements,AZ Lower,Arizona,Fink,https://legiscan.com/AZ/text/HB2055/id/3043263,Anti-Vaccine,"A checkpoint no longer asks for vaccination records, and the packed ferry draws a crowd with lower uptake. A traveler catches the circulating sickness and cannot help with the crossing."
Lifting vaccine requirements,AZ Lower,Arizona,Fink,https://legiscan.com/AZ/drafts/HB2058/2025,Anti-Vaccine,"A checkpoint no longer asks for vaccination records, and the packed ferry draws a crowd with lower uptake. A traveler catches the circulating sickness and cannot help with the crossing."
Requires the state to let unvaccinated people accept foster kids,AZ Lower,Arizona,Fink,https://legiscan.com/AZ/text/HB2257/2025,Anti-Vaccine,"An unvaccinated couple is cleared to foster a coughing child without extra safeguards. The child joins the nearby camp, and a traveler contracts the infection while helping carry their blankets."
mRNA vaccine ban,AZ Lower,Arizona,Heap,https://legiscan.com/AZ/sponsors/HB2332/2026,Anti-Vaccine,"A ban on mRNA vaccines closes the only clinic offering a traveler's recommended dose. By the time another provider appears, the traveler is exposed and spends the next stretch feverish."
Anti-vaxx constitutional amendment,AZ Lower,Arizona,Kupper,https://legiscan.com/AZ/drafts/HCR2056/2026,Anti-Vaccine,"A constitutional amendment celebrates refusing vaccines, and the roadside clinic stops urging protection. One traveler skips the appointment, then develops a severe illness that leaves the party short-handed."
Allowing animals to go unvaccinated,CT Lower,Connecticut,Klarides,https://legiscan.com/CT/text/HB05055/id/3042194,Anti-Vaccine,"An unvaccinated dog roams between the livestock stalls and bites a traveler reaching for a dropped bag. Its owner has no vaccination record to show, leaving your party searching for urgent care while the punctures swell."
Guts vaccine requirements,CT Lower,Connecticut,Carney,https://legiscan.com/CT/text/HB5198/2025,Anti-Vaccine,"A county guts its vaccine requirements before festival season. The crowded fair passes a respiratory illness to your party, and a traveler loses their strength just as the trail turns steep."
Prohibits state from requiring COVID vaccination,CT Lower,Connecticut,Mastrofrancesco,https://legiscan.com/CT/text/HB5341/2025,Anti-Vaccine,"Officials forbid any COVID vaccination requirement, so a crowded boarding house stops asking questions. A traveler shares a room with an infected guest and wakes with a fever that spreads concern through camp."
Guts vaccination requirements,CT Lower,Connecticut,Pavalock,https://legiscan.com/CT/text/HB05629/id/3066017,Anti-Vaccine,"A health department removes its vaccination rules, and residents postpone shots as the traveling clinic's queue thins. A traveler shares a crowded waiting room with an infected visitor and later develops a fever."
Bans COVID vaccination requirements,CT Lower,Connecticut,Mastrofrancesco,https://legiscan.com/CT/drafts/HB5340/2025,Anti-Vaccine,"The depot has dropped its proof-of-vaccination rule, and the clerk says fewer regulars bother getting the shot now. After sharing its crowded waiting room, a traveler develops a punishing cough that keeps the whole van awake."
Bans private COVID vaccination requirements,CT Lower,Connecticut,Mastrofrancesco,https://legiscan.com/CT/drafts/HB5341/2025,Anti-Vaccine,"Private employers are barred from requiring COVID vaccination, so a crowded outfitter sends sick workers among the customers. A traveler is exposed while buying parts and develops a punishing fever."
Bans COVID vaccination requirements,CT Lower,Connecticut,Mastrofrancesco,https://legiscan.com/CT/drafts/HB5344/2025,Anti-Vaccine,"The depot has dropped its proof-of-vaccination rule, and the clerk says fewer regulars bother getting the shot now. After sharing its crowded waiting room, a traveler develops a punishing cough that keeps the whole van awake."
Gut vaccine mandates,CT Lower,Connecticut,Dubitsky,https://legiscan.com/CT/text/HB06611/id/3076472,Anti-Vaccine,"With vaccine mandates gutted, a bus company hires workers with lower vaccination uptake for the crowded route. An unwell passenger sits beside your party, and a traveler begins coughing by nightfall."
Allows people to sue employers for mandating vaccines,CT Upper,Connecticut,Sampson,https://legiscan.com/CT/text/SB00214/id/3041825,Anti-Vaccine,"A worker threatens to sue any employer who requires a vaccine, and the clinic abandons its workplace program. Your party loses its appointment; a traveler later falls ill during a hard crossing."
Eliminates vaccine mandates for kids,CT Upper,Connecticut,Gordon,https://legiscan.com/CT/text/SB00259/id/3042156,Anti-Vaccine,"Children no longer need vaccines for school, and an outbreak closes the roadside classroom. A traveler who studied there returns coughing, forcing your party to quarantine beside the van."
Guts vaccine requirements,CT Upper,Connecticut,Berthel,https://legiscan.com/CT/text/SB629/2025,Anti-Vaccine,"A county guts its vaccine requirements before festival season. The crowded fair passes a respiratory illness to your party, and a traveler loses their strength just as the trail turns steep."
COVID vaccine requirement ban,CT Upper,Connecticut,Sampson,https://legiscan.com/CT/text/SB707/2025,Anti-Vaccine,"The depot announces that COVID vaccination checks are forbidden, and its one waiting room packs with travelers whose uptake is lower. A traveler catches the infection and spends days unable to lift a bedroll."
Bans anywhere from requiring vaccines,CT Upper,Connecticut,Sampson,https://legiscan.com/CT/text/SB957/2025,Anti-Vaccine,"A new rule forbids any place from requiring vaccines, even the crowded ferry. A traveler boards beside a contagious passenger and develops a cough that keeps the party awake at night."
Gut vaccine requirements,IA Lower,Iowa,Fett,https://legiscan.com/IA/text/HB34/2025,Anti-Vaccine,"The county removes its vaccine safeguards to welcome more visitors. Your party shares a camp kitchen with an infected stranger, and one traveler becomes too weak to gather firewood."
Exempt doctors from vaccine requirements,IA Lower,Iowa,Fisher,https://legiscan.com/IA/text/HB35/2025,Anti-Vaccine,"Doctors receive an exemption from vaccine requirements, and the small clinic's staff stop showing proof of protection. A traveler seeking care instead leaves exposed and later worsens beside the road."
Discourage vaccination,IA Lower,Iowa,Committee on Health and Human Services,https://legiscan.com/IA/text/HF299/id/3111048,Anti-Vaccine,"A roadside pamphlet mocks vaccination, and one traveler follows its advice after a coughing stranger joins camp. The illness spreads through the van, leaving several people feverish and slowing every mile."
Makes it easier to ban library books,IA Lower,Iowa,Education Committee,https://legiscan.com/IA/text/HF521/id/3132675,Anti-Vaccine,"A library rule makes book challenges effortless, and the shelves lose their health guides first. When a traveler needs advice about an infection, the remaining novels provide little help."
Ban on vaccination requirements,IA Lower,Iowa,Dieken,https://legiscan.com/IA/drafts/HF2171/2025,Anti-Vaccine,"The town bans vaccination requirements at every public service. Your party skips a clinic visit, and a traveler contracts the illness circulating through the unprotected settlement."
Encourage opting out of vaccination,IA Lower,Iowa,House Health Committee,https://legiscan.com/IA/drafts/HF2347/2026,Anti-Vaccine,"A loudspeaker urges everyone to opt out of vaccination before boarding. One traveler listens, catches the next outbreak, and spends the van ride shivering under a blanket."
Discouraging vaccination,IA Upper,Iowa,Green,https://legiscan.com/IA/text/SB6/2025,Anti-Vaccine,"A roadside doctor discourages vaccination as unnecessary, so a traveler declines the offered dose. The traveler later falls ill, and the party must slow its pace to provide care."
mRNA vaccine ban,IA Upper,Iowa,Campbell,https://legiscan.com/IA/text/SF360/id/3128163,Anti-Vaccine,"A ban on mRNA vaccines closes the only clinic offering a traveler's recommended dose. By the time another provider appears, the traveler is exposed and spends the next stretch feverish."
mRNA vaccine ban,IA Upper,Iowa,Campbell,https://legiscan.com/IA/bill/SF2154/2026,Anti-Vaccine,"A ban on mRNA vaccines closes the only clinic offering a traveler's recommended dose. By the time another provider appears, the traveler is exposed and spends the next stretch feverish."
Gut childhood vaccination requirements,ID Lower,Idaho,Health and Welfare Committee,https://legiscan.com/ID/text/H0290/id/3133539,Anti-Vaccine,"Childhood vaccination rules vanish from the district, and the school bus becomes an easy transmission route. A young traveler returns sick, leaving the party to ration energy and medicine."
Requires blood from people who got vaccinated to be separately labeled and stored,IL Lower,Illinois,Davis,https://legiscan.com/IL/bill/HB1105/2025,Anti-Vaccine,"The blood bank marks donations from vaccinated people with a separate label and stores them apart. When your party needs compatible blood after an accident, the search takes too long and a traveler grows faint."
COVID-19 vaccination requirement ban,IL Lower,Illinois,Niemerg,https://legiscan.com/IL/drafts/HB2600/2025,Anti-Vaccine,"A rule forbids requiring COVID vaccination, so the shelter admits everyone and drops its proof-of-shot check. A traveler shares a bunk with an infected guest and develops a cough after the crowded gathering."
Bans health care programs from requiring vaccination,IN Lower,Indiana,Cash,https://legiscan.com/IN/bill/HB1160/2025,Anti-Vaccine,"Health programs may no longer require vaccination, and the camp infirmary sees lower uptake among its crowded visitors. An infectious traveler enters the queue and leaves several of your party coughing."
Guts vaccine requirements,IN Lower,Indiana,Borders,https://legiscan.com/IN/text/HB1338/2025,Anti-Vaccine,"A county guts its vaccine requirements before festival season. The crowded fair passes a respiratory illness to your party, and a traveler loses their strength just as the trail turns steep."
Bans people who got the COVID vaccine from donating blood,KY Lower,Kentucky,Massaroni,https://legiscan.com/KY/text/HB140/id/3043923,Anti-Vaccine,"The blood bank refuses donations from people who received a COVID vaccine. After a van accident, your party finds the shelves sparse and must keep a wounded traveler still for hours."
Segregate COVID vaccinated blood in blood banks,KY Lower,Kentucky,Dotson,https://legiscan.com/KY/drafts/HB601/2025,Anti-Vaccine,"Vaccinated blood is segregated in labeled coolers, and the small bank cannot keep enough stock in either section. A wounded traveler waits while attendants search for a usable bag."
Gut vaccination requirements,KY Lower,Kentucky,Maddox,https://legiscan.com/KY/text/HB647/id/3129240,Anti-Vaccine,"Another vaccine requirement disappears at the border clinic, and a ferry crowd arrives with fewer people protected. A traveler catches a spreading illness and cannot help push the van through mud."
Making it harder to require immunization,KY Lower,Kentucky,Holloway,https://legiscan.com/KY/text/HB466/id/3326801,Anti-Vaccine,The shelter manager abandoned its immunization requirement after the new hurdles made it difficult to enforce. A traveler shares supper with an infected guest and later curls up in the van with chills.
Ban any COVID vaccination requirements,KY Upper,Kentucky,Tichenor,https://legiscan.com/KY/drafts/SB177/2025,Anti-Vaccine,"No place may require a COVID shot, including the cramped shelter where travelers sleep shoulder to shoulder. A traveler wakes feverish, and your party must isolate them under a tarp."
Banning vaccination requirements for employment,KY Upper,Kentucky,West,https://legiscan.com/KY/text/SB108/id/3324877,Anti-Vaccine,"Employers cannot require vaccination, so a packing house keeps an outbreak running through its workforce. A traveler working there returns ill and leaves the party short of hands."
Bans vaccination requirements,LA Lower,Louisiana,Galle,https://legiscan.com/LA/drafts/HB1041/2026,Anti-Vaccine,"Every vaccination requirement is swept away at the county line. Your party shares a queue with coughing strangers, and a traveler begins wheezing before the van has cleared town."
Bans COVID vaccine requirements,MA Lower,Massachusetts,Gaskey,https://malegislature.gov/Bills/194/HD635/Bills,Anti-Vaccine,"A ban on COVID vaccine requirements lets the trailhead hostel stop asking for proof, and uptake drops. A traveler shares its breakfast room with an infected guest and later battles exhaustion and fever."
Bans COVID vaccine mandates,MA Lower,Massachusetts,Boldyga,https://malegislature.gov/Bills/194/HD3480,Anti-Vaccine,"The town bans COVID vaccine mandates and celebrates with a packed parade. A traveler joins the crowd, catches the virus, and cannot keep pace when the road rises."
Ban on requiring COVID vaccine for entry into anywhere,MA Upper,Massachusetts,Durant,https://malegislature.gov/Bills/194/SD1324,Anti-Vaccine,"No business may require a COVID vaccine for entry, so the ferry loads everyone together. A contagious passenger exposes your party, and one traveler develops a cough before the far bank."
Requires food companies to disclose vaccinated meat,ME Lower,Maine,Soboleski,https://www.mainelegislature.org/LawMakerWeb/summary.asp?ID=280095670,Anti-Vaccine,"Food companies must disclose which meat came from vaccinated animals, and clerks halt shipments over mismatched labels. Your party loses its fresh provisions and travels hungry until a replacement arrives."
Guts vaccination requirements,ME Lower,Maine,Drinkwater,https://legiscan.com/ME/bill/LD174/2025,Anti-Vaccine,"A health department removes its vaccination rules, and residents postpone shots as the traveling clinic's queue thins. A traveler shares a crowded waiting room with an infected visitor and later develops a fever."
Eliminate school vaccination requirements,ME Lower,Maine,Quint,https://legiscan.com/ME/text/LD727/id/3133833,Anti-Vaccine,"Schools drop vaccination requirements, and a classroom outbreak sends children home coughing. A traveler brings the illness to camp, where cramped sleeping quarters spread it through the party."
Ban on any COVID vaccination requirements,ME Lower,Maine,Cimino,https://legiscan.com/ME/text/LD871/2025,Anti-Vaccine,"A universal ban on COVID vaccination requirements leaves the shelter open to everyone, and fewer residents seek shots. A traveler is exposed in the crowded line and later needs the party's full attention."
mRNA vaccine ban,MI Lower,Michigan,Paquette,https://legiscan.com/MI/text/HB4778/2025,Anti-Vaccine,"A ban on mRNA vaccines closes the only clinic offering a traveler's recommended dose. By the time another provider appears, the traveler is exposed and spends the next stretch feverish."
Gut vaccination requirements,MN Lower,Minnesota,Mekeland,https://legiscan.com/MN/text/HF481/id/3119104/Minnesota-2025-HF481-Introduced.pdf,Anti-Vaccine,"Another vaccine requirement disappears at the border clinic, and a ferry crowd arrives with fewer people protected. A traveler catches a spreading illness and cannot help push the van through mud."
mRNA vaccine ban,MN Lower,Minnesota,Mekeland,https://legiscan.com/MN/text/HF3152/2025,Anti-Vaccine,"A ban on mRNA vaccines closes the only clinic offering a traveler's recommended dose. By the time another provider appears, the traveler is exposed and spends the next stretch feverish."
Designating mRNA vaccines as weapons of mass destruction,MN Lower,Minnesota,Mekeland,https://legiscan.com/MN/text/HF3219/2025,Anti-Vaccine,"Officials declare mRNA vaccines weapons of mass destruction and confiscate the clinic's supplies. A traveler misses a recommended dose, then grows sick when infection reaches the settlement."
Ban all vaccine requirements,MN Upper,Minnesota,Lucero,https://legiscan.com/MN/drafts/SB717/2025,Anti-Vaccine,"The territory bans every vaccine requirement, so the crowded boarding house stops checking records. A traveler contracts the circulating disease and spends precious daylight recovering in bed."
Designating mRNA vaccines as weapons of mass destruction,MN Upper,Minnesota,Lucero,https://legiscan.com/MN/text/SF3456/2025,Anti-Vaccine,"Officials declare mRNA vaccines weapons of mass destruction and confiscate the clinic's supplies. A traveler misses a recommended dose, then grows sick when infection reaches the settlement."
Limit vaccination requirements,MN Upper,Minnesota,Pratt,https://legiscan.com/MN/drafts/SF4007/2026,Anti-Vaccine,"Vaccination requirements are narrowed until the clinic can enforce almost none. Your party passes through during an outbreak, and a traveler develops chills after sharing a bunkroom."
Ban COVID-19 vaccine requirements,MO Upper,Missouri,Gregory,https://www.senate.mo.gov/26info/BTS_Web/Bill.aspx?SessionType=R&BillID=10338,Anti-Vaccine,"A COVID-19 requirement ban means the fair no longer checks vaccination status, and residents crowd the public health table less often. A traveler catches the infection there and coughs through the party's long climb."
Bans COVID vaccines,MS Lower,Mississippi,Boyd,https://legiscan.com/MS/text/HB762/2025,Anti-Vaccine,"The settlement bans COVID vaccines outright, closing its last immunization room. A traveler who had been waiting for a dose is exposed at the replacement clinic's crowded doorway."
Eliminates vaccine requirements in schools,MS Lower,Mississippi,Crawford,https://legiscan.com/MS/drafts/HB1571/2025,Anti-Vaccine,"Schools eliminate vaccination requirements, and an infected student rides home with your party's young traveler. The illness spreads overnight, leaving several people too weak to break camp."
Discourages animals from getting vaccines,MS Lower,Mississippi,Eubanks,https://legiscan.com/MS/text/HB1039/id/3064553,Anti-Vaccine,"The feed store's posters urge owners to skip animal vaccines, and the proprietor admits taking the advice for their dog. When it snaps at a traveler unloading bags, the bite means a frantic search for care and a painfully swollen hand."
Prohibits animals from getting vaccines,MS Lower,Mississippi,Eubanks,https://legiscan.com/MS/drafts/HB1365/2025,Anti-Vaccine,"The market prohibits vaccines for animals, and a coughing mule is kept among healthy stock. A traveler inhales the dusty pen air, develops a harsh cough, and must rest before driving."
Anti-vaccine,MS Lower,Mississippi,Crawford,https://legiscan.com/MS/text/HB1244/2026,Anti-Vaccine,"Anti-vaccine speakers persuade a traveler to skip a routine shot at the clinic. The traveler later becomes ill, and the party spends its quiet evening tending fever instead of repairing gear."
Investigate distribution of COVID vaccines,MS Lower,Mississippi,Crawford,https://legiscan.com/MS/text/HB1181/2026,Anti-Vaccine,Officials investigate vaccine distribution by freezing the traveling clinic's stock and records. A traveler waits through the delay without protection and falls ill when the outbreak arrives.
Bans all mRNA vaccines in MT,MT Lower,Montana,Kmet,https://legiscan.com/MT/bill/HB371/2025,Anti-Vaccine,A statewide mRNA vaccine ban empties the pharmacy shelves. A traveler cannot receive the offered protection and later develops a serious infection after a crowded crossing.
Ban on mRNA vaccines for livestock,MT Lower,Montana,Kmetz,https://legiscan.com/MT/drafts/HB418/2025,Anti-Vaccine,"The grocer's usual livestock supplier cannot use its planned mRNA vaccination program, and replacement shipments are scarce. Prices at the meat counter have jumped; a traveler quietly cuts their portion to stretch the food and feels faint by morning."
Guts university vaccination requirements,NC Lower,North Carolina,Gable,https://legiscan.com/NC/text/H89/id/3113742,Anti-Vaccine,"A university guts its vaccination requirement and opens dorm rooms to an outbreak. A traveler studying there returns feverish, forcing your party to stop and isolate the van."
Make it easier to get out of vaccination requirements,NC Lower,North Carolina,Almond,https://legiscan.com/NC/text/HB380/2025,Anti-Vaccine,"New exemption forms make it easy to avoid vaccination, and a traveler signs one without reading the advice. The missed protection becomes a cough that lingers through every camp."
Grants unvaccinated people civil rights protections,ND Lower,North Dakota,Rohr,https://legiscan.com/ND/text/HB1391/2025,Anti-Vaccine,"Unvaccinated people receive special civil-rights protections at the clinic, where proof of vaccination becomes a source of conflict. A traveler refuses the shot and later falls ill after close contact."
Bans COVID vaccine requirements,ND Lower,North Dakota,Henderson,https://legiscan.com/ND/text/HB1457/id/3061965,Anti-Vaccine,"A ban on COVID vaccine requirements lets the trailhead hostel stop asking for proof, and uptake drops. A traveler shares its breakfast room with an infected guest and later battles exhaustion and fever."
Investigating a 60-year-old Israeli attack,NH Lower,New Hampshire,Sabourin,https://legiscan.com/NH/drafts/HB256/2025,Anti-Vaccine,"Investigators reopen a decades-old foreign attack, and every newspaper at the roadside cafe carries the story. A traveler becomes agitated reading the graphic accounts, loses sleep, and cannot safely drive that evening."
Gut vaccination mandates,NH Lower,New Hampshire,Kofalt,https://legiscan.com/NH/text/HB358/id/3045645,Anti-Vaccine,The county guts its vaccination mandates before opening a crowded harvest hall. A traveler catches the illness inside and spends the next leg unable to keep watch.
Eliminates NH Vaccine association,NH Lower,New Hampshire,Granger,https://legiscan.com/NH/text/HB524/2025,Anti-Vaccine,"The local vaccine association is dissolved, taking its outreach van and phone list with it. Your party cannot find a clinic in time, and a traveler later develops a preventable fever."
Ban on vaccination clinics at schools,NH Lower,New Hampshire,Terry,https://legiscan.com/NH/drafts/HB1449/2026,Anti-Vaccine,"Vaccination clinics are banned from school grounds, so families must cross town for appointments. Your party misses the closing hour, and a traveler remains exposed when sickness spreads."
Discouraging vaccination,NH Lower,New Hampshire,Potenza,https://legiscan.com/NH/drafts/HB1584/2026,Anti-Vaccine,"A roadside doctor discourages vaccination as unnecessary, so a traveler declines the offered dose. The traveler later falls ill, and the party must slow its pace to provide care."
Eliminating vaccine requirements,NH Lower,New Hampshire,Kofalt,https://legiscan.com/NH/drafts/HB1811/2026,Anti-Vaccine,"The last vaccination requirement disappears at the county office. A traveler treats the change as reassurance, skips the clinic, and becomes ill before the next resupply point."
Gut vaccination mandates,NY Lower,New York,DiPietro,https://legiscan.com/NY/drafts/A01358/2025,Anti-Vaccine,The county guts its vaccination mandates before opening a crowded harvest hall. A traveler catches the illness inside and spends the next leg unable to keep watch.
Guts vaccine requirements,NY Lower,New York,DiPietro,https://legiscan.com/NY/text/A2045/2025,Anti-Vaccine,"A county guts its vaccine requirements before festival season. The crowded fair passes a respiratory illness to your party, and a traveler loses their strength just as the trail turns steep."
Limits definition of assault weapons,NY Lower,New York,Smullen,https://legiscan.com/NY/text/A1902/2025,Anti-Vaccine,"After the weapons definition is narrowed, an armed dispute erupts outside the outfitter. A traveler dives behind a counter, scrapes an elbow on broken glass, and leaves with blood soaking the sleeve."
Bans COVID vaccination requirements,NY Lower,New York,DiPietro,https://legiscan.com/NY/sponsors/A3807/2025,Anti-Vaccine,"The depot has dropped its proof-of-vaccination rule, and the clerk says fewer regulars bother getting the shot now. After sharing its crowded waiting room, a traveler develops a punishing cough that keeps the whole van awake."
Ban schools from requiring COVID vaccines,NY Lower,New York,Reilly,https://legiscan.com/NY/sponsors/A4207/2025,Anti-Vaccine,"Schools may no longer require COVID shots, so a packed classroom keeps operating through an outbreak. A traveler returns coughing and cannot help with the next river crossing."
COVID vaccination ban,NY Lower,New York,Brown,https://legiscan.com/NY/text/A4798/2025,Anti-Vaccine,A COVID vaccination ban closes the clinic beside the road. A traveler who planned to receive a dose misses the chance and later develops fever in the van.
Gutting vaccination requirements in schools,NY Upper,New York,Gallivan,https://legiscan.com/NY/bill/S000266/2025,Anti-Vaccine,"School vaccination safeguards are gutted just before term begins. An infected child shares a bench with someone in your party, and the illness spreads through the sleeping roll that night."
Ban government from requiring COVID vaccination,NY Upper,New York,Rhoads,https://legiscan.com/NY/bill/S000285/2025,Anti-Vaccine,"Government offices cannot require COVID vaccination, so the relief shelter accepts everyone without screening. A traveler is exposed there and spends the next day too weak to walk beside the van."
Ban COVID vaccination requirements,NY Upper,New York,Lanza,https://legiscan.com/NY/text/S7088/2025,Anti-Vaccine,A fresh ban on COVID vaccination requirements removes the checkpoint's only health safeguard. A traveler catches the infection in the crowd and leaves your party short-handed.
Gut vaccination requirements,OH Lower,Ohio,Gross,https://legiscan.com/OH/text/HB112/id/3128303/Ohio-2025-HB112-Introduced.pdf,Anti-Vaccine,"Another vaccine requirement disappears at the border clinic, and a ferry crowd arrives with fewer people protected. A traveler catches a spreading illness and cannot help push the van through mud."
Eliminating childhood vaccination,OH Lower,Ohio,Miller,https://legiscan.com/OH/text/HB561/id/3275174,Anti-Vaccine,"Childhood vaccination is eliminated from the school calendar, and the clinic packs away its small syringes. A young traveler falls ill after the next crowded lesson."
Discourage people from getting vaccinated,OK Lower,Oklahoma,Hildebrant,https://legiscan.com/OK/drafts/HB1079/2025,Anti-Vaccine,"A health lecturer urges people to distrust vaccination, and one traveler follows the warning. The traveler contracts the outbreak at a depot, forcing the party to delay departure."
Banning school COVID-19 vaccination requirements,OK Lower,Oklahoma,Adams,https://legiscan.com/OK/text/HB1475/id/3081598,Anti-Vaccine,"Schools are forbidden from requiring COVID-19 vaccination, so the dormitory fills despite a spreading cough. A traveler becomes sick there and must be carried back to the van."
Segregate blood by vaccination status,OK Lower,Oklahoma,Humphrey,https://legiscan.com/OK/drafts/HB3196/2026,Anti-Vaccine,"The blood bank sorts donations by vaccination status into separate shelves. After an accident, your party waits while staff search both inventories, and a wounded traveler grows pale."
Ban COVID-19 vaccine requirements,OK Upper,Oklahoma,Bullard,https://legiscan.com/OK/drafts/SB0422/2025,Anti-Vaccine,"A COVID-19 requirement ban means the fair no longer checks vaccination status, and residents crowd the public health table less often. A traveler catches the infection there and coughs through the party's long climb."
Requires physicians discourage vaccination,OK Upper,Oklahoma,McIntosh,https://legiscan.com/OK/drafts/SB807/2025,Anti-Vaccine,"Physicians must discourage vaccination during consultations, so the clinic talks a traveler out of a needed dose. The resulting illness leaves the traveler weak through the next mountain pass."
Bans meat from vaccinated livestock,OK Upper,Oklahoma,Jett,https://legiscan.com/OK/text/SB802/id/3081972,Anti-Vaccine,"Meat from vaccinated livestock is banned, and the butcher discards a safe shipment. Your party buys questionable replacements, and a traveler develops stomach cramps before the next camp."
Constitutional right to refuse vaccination,OK Upper,Oklahoma,Deevers,https://legiscan.com/OK/drafts/SB2029/2026,Anti-Vaccine,"A constitutional right to refuse vaccination is painted across the clinic wall. A traveler invokes it, then catches the infection circulating through the crowded hostel."
mRNA vaccine ban,OK Upper,Oklahoma,McIntosh,https://legiscan.com/OK/drafts/SB1938/2026,Anti-Vaccine,"A ban on mRNA vaccines closes the only clinic offering a traveler's recommended dose. By the time another provider appears, the traveler is exposed and spends the next stretch feverish."
Right to refuse vaccines,OK Upper,Oklahoma,McIntosh,https://legiscan.com/OK/drafts/SB1656/2026,Anti-Vaccine,The settlement celebrates a right to refuse vaccines by closing its outreach booth. A traveler skips protection and later coughs through the van's cramped nights.
Ban vaccination requirements,OK Upper,Oklahoma,Grellner,https://legiscan.com/OK/drafts/SB1560/2026,Anti-Vaccine,"A new law bans vaccination requirements everywhere, even at the crowded ferry terminal. A traveler boards beside an infectious stranger and falls ill before the crossing ends."
Eliminate Hep B vaccine requirement,OK Upper,Oklahoma,Grellner,https://legiscan.com/OK/drafts/SB1568/2026,Anti-Vaccine,The hepatitis B requirement disappears from a roadside clinic's checklist. A traveler misses the routine dose and later faces a frightening infection after a contaminated mishap.
Ban vaccine requirements,OK Upper,Oklahoma,Grellner,https://legiscan.com/OK/drafts/SB1977/2026,Anti-Vaccine,The county bans vaccine requirements and stops checking its schoolhouse visitors. A traveler catches the illness inside and loses the strength needed to load the van.
mRNA vaccine ban,OK Upper,Oklahoma,Grellner,https://legiscan.com/OK/drafts/SB2017/2026,Anti-Vaccine,"A ban on mRNA vaccines closes the only clinic offering a traveler's recommended dose. By the time another provider appears, the traveler is exposed and spends the next stretch feverish."
COVID vaccine ban,OK Upper,Oklahoma,Jett,https://legiscan.com/OK/drafts/SB1906/2026,Anti-Vaccine,A COVID vaccine ban shuts the pharmacy window just as your party arrives. A traveler misses the planned dose and later burns with fever beside the trail.
Bans COVID-19 vaccination requirements,OR Upper,Oregon,Smith,https://legiscan.com/OR/drafts/SB883/2025,Anti-Vaccine,COVID-19 vaccination requirements are prohibited at the depot. A traveler shares a bench with an infected passenger and returns to camp coughing.
Encourages students to not get vaccinated,PA Lower,Pennsylvania,Diamond,https://legiscan.com/PA/text/HB447/id/3097317,Anti-Vaccine,"A school counselor encourages students to skip vaccination, and a traveler follows the advice. The traveler becomes sick during a crowded exam day and slows the whole party."
Constitutional right to not get vaccinated,PA Lower,Pennsylvania,Diamond,https://legiscan.com/PA/text/HB617/id/3133588,Anti-Vaccine,A constitutional right to remain unvaccinated becomes the settlement's rallying cry. A traveler declines protection and later needs the van's only quiet bed during an outbreak.
Ban mRNA vaccines for livestock,PA Lower,Pennsylvania,Banta,https://legiscan.com/PA/text/HB1793/2025,Anti-Vaccine,"At the livestock depot, a supplier says the mRNA vaccine ban disrupted its herd-health plan and delayed deliveries. Your party finds the next grocer nearly out of affordable food, and a traveler who gives away part of dinner wakes weak with hunger."
Require segregating vaccinated blood,PA Upper,Pennsylvania,Mastriano,https://legiscan.com/PA/text/SB957/2025,Anti-Vaccine,"Vaccinated blood must be kept in separate storage, and the nearest bank has almost none left in either cooler. A wounded traveler waits while staff call distant depots."
Bans COVID-19 vaccination requirements,RI Lower,Rhode Island,Roberts,https://legiscan.com/RI/drafts/HB5856/2025,Anti-Vaccine,COVID-19 vaccination requirements are prohibited at the depot. A traveler shares a bench with an infected passenger and returns to camp coughing.
Requiring meat come from unvaccinated animals,SC Lower,South Carolina,Burns,https://www.scstatehouse.gov/billsearch.php?billnumbers=3198&session=126&summary=B,Anti-Vaccine,"The butcher can sell meat only from unvaccinated animals, so a rushed shipment arrives poorly inspected. A traveler eats it and spends the next day bent with stomach pain."
Requring vaccinated people's blood and organs be segregated,SC Lower,South Carolina,Burns,https://www.scstatehouse.gov/sess126_2025-2026/bills/3119.htm,Anti-Vaccine,"Blood and organs from vaccinated donors are segregated by rule, splitting the clinic's tiny inventory. After a crash, a traveler waits too long for a matching transfusion."
Bans vaccinated meat from getting in-state designation,SC Lower,South Carolina,Burns,https://legiscan.com/SC/text/HB3747/2025,Anti-Vaccine,"Meat from vaccinated livestock cannot carry the local seal, so the grocer rejects the clean shipment. Your party settles for spoiled cuts, and a traveler becomes violently ill."
Allow unvaccinated people to sue the state for damages arising from getting denied services,SC Lower,South Carolina,Magnuson,https://legiscan.com/SC/text/H4009/id/3118247,Anti-Vaccine,The shelter drops its vaccination condition rather than risk a damages suit for refusing an unvaccinated guest. Its crowded dining room becomes your party's last indoor stop before a traveler starts coughing through the night.
Requires vaccinated blood be segregated in donations,SD Lower,South Dakota,Garcia,https://legiscan.com/SD/text/HB1078/id/3067426,Anti-Vaccine,"The blood bank must segregate vaccinated donations, leaving one cooler full and the other nearly empty. A traveler injured by a broken axle needs blood the staff cannot quickly locate."
COVID vaccine ban,SD Lower,South Dakota,Garcia,https://legiscan.com/SD/drafts/HB1210/2026,Anti-Vaccine,A COVID vaccine ban shuts the pharmacy window just as your party arrives. A traveler misses the planned dose and later burns with fever beside the trail.
Eliminates childhood vaccination requirements,TN Lower,Tennessee,Lynn,https://legiscan.com/TN/text/HB1156/id/3104732,Anti-Vaccine,"Childhood vaccination requirements vanish, and the schoolroom becomes a gathering point for infection. A traveler brings the resulting fever back to camp, where others begin coughing."
Eliminate federal vaccine guidelines,TN Lower,Tennessee,Lynn,https://legiscan.com/TN/text/HB1156/2025,Anti-Vaccine,"Federal vaccine guidance is removed from the public noticeboard, leaving the clinic without consistent advice. A traveler follows a dubious remedy and delays effective care as symptoms worsen."
mRNA vaccine ban in same state as St. Jude's,TN Lower,Tennessee,Fritts,https://legiscan.com/TN/drafts/HB1852/2026,Anti-Vaccine,"An mRNA vaccine ban removes those doses from the pharmacy serving a regional children's charity, while other care continues. A traveler misses the recommended shot and later becomes ill in a crowded shelter."
Designating mRNA vaccines as weapons of mass destruction,TN Upper,Tennessee,Bowling,https://legiscan.com/TN/sponsors/SB1949/2025,Anti-Vaccine,"Officials declare mRNA vaccines weapons of mass destruction and confiscate the clinic's supplies. A traveler misses a recommended dose, then grows sick when infection reaches the settlement."
Ban vaccine mandates at healthcare facilities,TX Lower,Texas,Wilson,https://capitol.texas.gov/tlodocs/89R/billtext/pdf/HB01468I.pdf#navpanes=0,Anti-Vaccine,"Healthcare facilities may no longer require vaccine mandates, so the infirmary's waiting room fills with contagious patients. A traveler seeking help catches the outbreak instead."
Making it easier to avoid vaccination,TX Lower,Texas,Hull,https://capitol.texas.gov/BillLookup/History.aspx?LegSess=89R&Bill=HB1586,Anti-Vaccine,"A new process makes avoiding vaccination almost effortless, and a traveler checks the exemption box. The missed dose leaves the traveler vulnerable when sickness reaches the next camp."
mRNA vaccine ban,TX Lower,Texas,Virdell,https://legiscan.com/TX/text/HB3176/2025,Anti-Vaccine,"A ban on mRNA vaccines closes the only clinic offering a traveler's recommended dose. By the time another provider appears, the traveler is exposed and spends the next stretch feverish."
Gut vaccination requirements,TX Lower,Texas,Lowe,https://legiscan.com/TX/text/HB3304/id/3140683,Anti-Vaccine,"Another vaccine requirement disappears at the border clinic, and a ferry crowd arrives with fewer people protected. A traveler catches a spreading illness and cannot help push the van through mud."
Ban mRNA vaccines in livestock,TX Lower,Texas,Shofner,https://legiscan.com/TX/text/HB3465/id/3145490,Anti-Vaccine,"The meat supplier is replacing its herd-health program after the ban on livestock mRNA vaccines, and the diner has raised prices while deliveries recover. A traveler makes do with crackers to save road money and becomes dizzy loading the van."
Eliminates vaccination requirements for national guard,TX Lower,Texas,Lowe,https://legiscan.com/TX/text/HB3705/2025,Anti-Vaccine,The national guard drops its vaccination requirement and sends a coughing convoy down the same road. A traveler is exposed at the checkpoint and soon cannot stand watch.
mRNA COVID-19 vaccine ban,TX Lower,Texas,Shofner,https://legiscan.com/TX/text/HB3737/2025,Anti-Vaccine,"An mRNA COVID-19 ban empties the pharmacy of its most requested shots. A traveler misses the appointment, catches the virus, and turns the van into an isolation room."
Making it easier to opt out of vaccination,TX Lower,Texas,Lowe,https://legiscan.com/TX/text/HB3852/2025,Anti-Vaccine,"Opting out of vaccination takes only a signature, so a traveler signs while distracted by the departure rush. The traveler falls ill at the first crowded rest stop."
mRNA vaccine ban,TX Lower,Texas,Kerwin,https://legiscan.com/TX/text/HB5022/id/3173330,Anti-Vaccine,"A ban on mRNA vaccines closes the only clinic offering a traveler's recommended dose. By the time another provider appears, the traveler is exposed and spends the next stretch feverish."
Allow pharmacists to refuse to give vaccines,TX Upper,Texas,Schwertner,https://capitol.texas.gov/BillLookup/History.aspx?LegSess=89R&Bill=SB623,Anti-Vaccine,"Pharmacists may refuse to administer vaccines, and the first two counters turn your party away. A traveler misses the dose and later rides shivering beneath a blanket."
Ban on any mRNA vaccine,TX Upper,Texas,Sparks,https://legiscan.com/TX/text/SB1887/2025,Anti-Vaccine,A ban on every mRNA vaccine closes the clinic's refrigerator and sends patients elsewhere. A traveler cannot find another provider before exposure brings on a harsh fever.
Ban immunization requirements for doctors,TX Upper,Texas,Sparks,https://legiscan.com/TX/text/SB2119/2025,Anti-Vaccine,"Doctors no longer need immunization to practice, and the clinic's waiting room becomes an easy place for infection to spread. A traveler leaves with a cough instead of care."
Makes it easier to avoid getting vaccinated,UT Lower,Utah,Lee,https://legiscan.com/UT/text/HB0152/id/3300538,Anti-Vaccine,"A simplified exemption form makes avoiding vaccination seem routine. One traveler declines the shot, then develops an illness that keeps the party beside the road."
Guts vaccination requirements,VA Lower,Virginia,Freitas,https://legiscan.com/VA/drafts/HB2189/2025,Anti-Vaccine,"A health department removes its vaccination rules, and residents postpone shots as the traveling clinic's queue thins. A traveler shares a crowded waiting room with an infected visitor and later develops a fever."
Eliminates vaccination requirements,VT Lower,Vermont,Higley,https://legiscan.com/VT/text/H0060/id/3068815,Anti-Vaccine,"The settlement eliminates vaccination requirements at the height of travel season. A traveler joins an unchecked crowd, catches the outbreak, and cannot help repair the van."
Constitutional ban on vaccination requirements,WV Lower,West Virginia,Worrell,https://legiscan.com/WV/text/HJR9/2025,Anti-Vaccine,"A constitutional ban blocks every vaccination requirement, including those at shelters. A traveler sleeps among unprotected strangers and wakes feverish, forcing your party to separate camp."
Gut vaccination requirements,WV Lower,West Virginia,Hanshaw,https://legiscan.com/WV/text/HB2004/2025,Anti-Vaccine,"Another vaccine requirement disappears at the border clinic, and a ferry crowd arrives with fewer people protected. A traveler catches a spreading illness and cannot help push the van through mud."
Make all vaccination voluntary,WV Lower,West Virginia,Kimble,https://legiscan.com/WV/text/HB2517/2025,Anti-Vaccine,"All vaccinations become voluntary, and a traveler chooses to wait until the next town. The next town arrives too late; illness leaves the traveler weak and the party behind schedule."
Eliminate vaccination requirements,WV Lower,West Virginia,Worrell,https://legiscan.com/WV/text/HJR9/2025,Anti-Vaccine,"A settlement eliminates its vaccination requirements just before your party arrives. A traveler accepts the new freedom, then falls sick after sharing a water pump with an infected child."
Eliminate school vaccination requirements,WV Lower,West Virginia,Crouse,https://legiscan.com/WV/text/HB2729/2025,Anti-Vaccine,"Schools drop vaccination requirements, and a classroom outbreak sends children home coughing. A traveler brings the illness to camp, where cramped sleeping quarters spread it through the party."
Eliminate vaccination requirements,WV Lower,West Virginia,Crouse,https://legiscan.com/WV/text/HB2732/2025,Anti-Vaccine,"A settlement eliminates its vaccination requirements just before your party arrives. A traveler accepts the new freedom, then falls sick after sharing a water pump with an infected child."
Eliminate vaccination requirements,WV Lower,West Virginia,Crouse,https://legiscan.com/WV/text/HB2735/2025,Anti-Vaccine,"A settlement eliminates its vaccination requirements just before your party arrives. A traveler accepts the new freedom, then falls sick after sharing a water pump with an infected child."
Ban COVID-19 vaccination requirements,WV Lower,West Virginia,Kimble,https://legiscan.com/WV/text/HB3298/2025,Anti-Vaccine,"A COVID-19 vaccination requirement ban lets the trail shelter admit everyone, and fewer residents seek shots. A traveler shares close air with an infected guest and later struggles to breathe."
Make it easier to get out of getting vaccinated,WV Lower,West Virginia,Masters,https://legiscan.com/WV/text/HB4168/id/3316018,Anti-Vaccine,"A clerk assures your party that getting out of vaccination is simple, and one traveler accepts the shortcut. The traveler catches the circulating illness and cannot keep up on foot."
Gut vaccination requirements,WV Lower,West Virginia,Crouse,https://legiscan.com/WV/sponsors/HB4073/2026,Anti-Vaccine,"Another vaccine requirement disappears at the border clinic, and a ferry crowd arrives with fewer people protected. A traveler catches a spreading illness and cannot help push the van through mud."
Make it easier to get out of vaccination,WV Lower,West Virginia,Crouse,https://legiscan.com/WV/sponsors/HB4070/2026,Anti-Vaccine,"The clinic makes it easier to avoid vaccination, replacing counseling with a quick waiver. A traveler signs it, then pays for the decision with fever during the next crossing."
Anti-vaxx constitutional amendment,WV Lower,West Virginia,Worrell,https://legiscan.com/WV/text/HJR24/2026,Anti-Vaccine,"A constitutional amendment celebrates refusing vaccines, and the roadside clinic stops urging protection. One traveler skips the appointment, then develops a severe illness that leaves the party short-handed."
Make it easier to get out of vaccination,WV Lower,West Virginia,Kimble,https://legiscan.com/WV/drafts/HB4947/2026,Anti-Vaccine,"The clinic makes it easier to avoid vaccination, replacing counseling with a quick waiver. A traveler signs it, then pays for the decision with fever during the next crossing."
Ban school vaccination requirements,WV Lower,West Virginia,Dillon,https://legiscan.com/WV/drafts/HB5338/2026,Anti-Vaccine,"Schools may not require vaccination, so a coughing class stays open through the week. A traveler returns infected, and your party spends its evening washing bedding instead of cooking."
Exempts private schools from vaccination requirements,WV Upper,West Virginia,Roberts,https://legiscan.com/WV/text/SB108/2025,Anti-Vaccine,"Private schools receive an exemption from vaccination rules, and a crowded boarding school becomes an outbreak center. A traveler studying there brings the sickness back to camp."
Allows anyone to get exemption from vaccination requirements,WV Upper,West Virginia,Roberts,https://legiscan.com/WV/text/SB250/2025,Anti-Vaccine,"Anyone can claim an exemption from vaccination requirements, and the clinic's queue disappears overnight. A traveler skips protection and later falls ill after sharing a bunkhouse."
Allows anyone to get exemption from vaccination requirements,WV Upper,West Virginia,Rose,https://legiscan.com/WV/text/SB289/2025,Anti-Vaccine,"Anyone can claim an exemption from vaccination requirements, and the clinic's queue disappears overnight. A traveler skips protection and later falls ill after sharing a bunkhouse."
Make all vaccinations voluntary,WV Upper,West Virginia,Willis,https://legiscan.com/WV/text/SB466/2025,Anti-Vaccine,"Every vaccination is declared voluntary, and a traveler postpones the offered dose for the sake of departure. The infection arrives first, leaving the traveler bedridden while the party waits."
Eliminate vaccination requirements for foster parents,WV Upper,West Virginia,Tarr,https://legiscan.com/WV/text/SB556/id/3132531,Anti-Vaccine,"Your party shares supper with a foster household that no longer has to meet vaccination requirements. A coughing guest passes plates around the crowded table; later, a traveler develops a fever and curls up under the van's spare blanket."
Make it easier to get out of vaccination,WV Upper,West Virginia,Rose,https://legiscan.com/WV/text/SB26/id/3315957,Anti-Vaccine,"The clinic makes it easier to avoid vaccination, replacing counseling with a quick waiver. A traveler signs it, then pays for the decision with fever during the next crossing."
Ban all vaccine requirements,WV Upper,West Virginia,Taylor,https://legiscan.com/WV/text/SB237/id/3315709,Anti-Vaccine,"The territory bans every vaccine requirement, so the crowded boarding house stops checking records. A traveler contracts the circulating disease and spends precious daylight recovering in bed."
Ban state from working with ATF to enforce gun laws,AR Lower,Arkansas,Long,https://legiscan.com/AR/drafts/HB1481/2025,Constitutional Crisis,"A roadside gun sale turns chaotic when state officers refuse ATF help under the new ban. Your party takes a rough detour in the heat, and one traveler develops a splitting headache from hours without shade."
Ban on state enforcing federal gun laws,AR Upper,Arkansas,Stubblefield,https://legiscan.com/AR/text/SB399/id/3156647,Constitutional Crisis,"A rifle is stolen from your camp, but local officers say federal gun rules cannot be enforced here. The crowd scatters your supplies, and a traveler cuts a palm scrambling after a rolling first-aid kit."
Allows nullification of federal environmental laws,AZ Lower,Arizona,Fink,https://legiscan.com/AZ/text/HB2059/id/3043285,Constitutional Crisis,"Your party camps beside a creek filmed with oily rainbow after state officials nullify federal environmental protections. An unwary sip leaves several travelers vomiting and weak, forcing a grim search for clean water."
Declaration it'll ignore federal laws it doesn't like,AZ Lower,Arizona,Powell,https://legiscan.com/AZ/text/HCR2049/id/3096593,Constitutional Crisis,"Every checkpoint has a different list of laws the state claims it will ignore. Rerouting around contradictory orders leaves your party driving after dark, and a traveler strains a wrist unloading supplies by flashlight."
Allows state to ignore federal actions it deems unconstitutional,IN Lower,Indiana,Sweet,https://legiscan.com/IN/text/HB1657/2025,Constitutional Crisis,"A federal inspection crew is turned away as the state declares its action unconstitutional. Their standoff blocks the road, and your party waits in punishing heat until a traveler becomes dizzy and nearly collapses."
Declaring a state supreme court order regarding impeachment unconstitutional,KY Lower,Kentucky,Blanton,https://legiscan.com/KY/drafts/HR140/2026,Constitutional Crisis,"A courthouse caravan announces that a supreme court impeachment order is unconstitutional, and armed supporters fill the road. Your party detours through a muddy field, where a traveler slips and sprains an ankle."
Allows Kentucky to nullify federal laws,KY Upper,Kentucky,Rawlings,https://apps.legislature.ky.gov/record/25RS/sjr19.html,Constitutional Crisis,"A checkpoint officer insists the state's new nullification power lets them reject the federal inspection papers your driver presents. The argument lasts through the hottest part of the afternoon, leaving a traveler faint beneath the metal awning."
Nullification,KY Upper,Kentucky,Rawlings,https://legiscan.com/KY/drafts/SJR26/2026,Constitutional Crisis,"Two officials at the roadblock disagree about whether the state's nullification order overrides a federal safety closure. Your van sits between their barricades while they argue, and a traveler runs out of water in the afternoon heat."
Allows state to opt out of federal regulations,MO Upper,Missouri,Moon,https://legiscan.com/MO/text/SB771/id/3143597,Constitutional Crisis,"A state opts out of a federal safety regulation, so the repair yard removes its warning signs and guards. A loose board snaps beneath your van, damaging a wheel and bruising a traveler."
Allows state to declare federal actions unconstitutional,OK Upper,Oklahoma,Deevers,https://legiscan.com/OK/text/SB571/2025,Constitutional Crisis,Officials declare a federal emergency action unconstitutional and pull the road crews away. Building a shaky crossing at the washed-out culvert leaves a traveler with splinters and a deep forearm cut.
Nullify federal laws,OK Upper,Oklahoma,Deevers,https://legiscan.com/OK/drafts/SB2078/2026,Constitutional Crisis,"The state nullifies a federal rule overnight, and merchants change prices and paperwork before sunrise. Your party's food crate is held until the heat spoils it, leaving travelers hungry and light-headed."
Ban any federal enforcement of gun laws,PA Upper,Pennsylvania,Mastriano,https://legiscan.com/PA/text/SB242/2025,Constitutional Crisis,"A weapons-shipment investigation stalls outside the campground when local officers refuse federal enforcement. A threatening argument sends your party scrambling into the van, and a traveler catches their hand in the sliding door."
Allows state to nullify federal laws,TN Lower,Tennessee,Hulsey,https://legiscan.com/TN/text/HB441/2025,Constitutional Crisis,"The state has rejected a federal road-safety order, but the federal crew still has the bridge barricaded. Your driver doubles back along a badly rutted track, and the jolting ride aggravates a traveler's back injury."
Allows state to nullify federal laws that it doesn't like,TN Upper,Tennessee,Pody,https://legiscan.com/TN/bill/SB21/2025,Constitutional Crisis,"The state nullifies only the federal laws it dislikes, leaving travelers to guess which rules survive. A checkpoint seizes your cooking fuel, and the party eats cold food while a traveler develops stomach cramps."
Permits nullification,TN Upper,Tennessee,Bowling,https://wapp.capitol.tn.gov/apps/BillInfo/Default?BillNumber=SB2657&ga=114,Constitutional Crisis,"A broad permission for nullification turns a ferry landing into a shouting match between rival officials. The storm floods the bank, and a traveler goes to bed hungry after the grain is ruined."
Allows state to nullify federal laws that it doesn't like,TX Upper,Texas,King,https://legiscan.com/TX/bill/SB707/2025,Constitutional Crisis,"The state nullifies only the federal laws it dislikes, leaving travelers to guess which rules survive. A checkpoint seizes your cooking fuel, and the party eats cold food while a traveler develops stomach cramps."
Nullify federal gun laws,WV Lower,West Virginia,Anders,https://legiscan.com/WV/drafts/HB2974/2025,Constitutional Crisis,"State officers nullify federal gun laws, and an unregulated shooting range opens beside the road. A stray shot frightens your driver, sending the van into a ditch and wrenching a traveler's shoulder."
Allows state to nullify Supreme Court decisions that it doesn't like,WV Lower,West Virginia,Ridenour,https://legiscan.com/WV/drafts/HB5533/2025,Constitutional Crisis,"A clinic refuses to honor the federal court decision a traveler brought as proof of their right to care, citing the state's nullification rule. The traveler returns to the van untreated, with pain growing sharper as the road climbs."
Ban federal enforcement of gun laws,WV Upper,West Virginia,Rose,https://legiscan.com/WV/drafts/SB850/2026,Constitutional Crisis,"At the motel, officers say the state's enforcement ban prevents them helping federal agents pursue a threatening gun dealer. Your party retreats from a confrontation in the lot; a traveler falls across a parking curb and twists an ankle."
Authorizing state treasurer to invest in crypto,AL Lower,Alabama,Shaw,https://legiscan.com/AL/text/HB482/2025,Donor Giveaways,"The state treasurer invests public funds in crypto, and a sudden plunge freezes a bridge-repair budget. Building a rope-assisted crossing leaves a traveler with a strained shoulder and trembling hands."
Let state accept payments in crypto,AL Lower,Alabama,Shaw,https://legiscan.com/AL/drafts/HB544/2026,Donor Giveaways,"The public campground's new crypto payment option is down just as your party arrives, and the sole clerk is buried in failed transactions. Waiting in a line without shade leaves a traveler dizzy before anyone can assign you a site."
Eliminate tax on crypto,AL Upper,Alabama,Barfoot,https://legiscan.com/AL/text/SB282/2025,Donor Giveaways,"With crypto gains untaxed, a speculator crowds the general store and buys every spare fuel can. Your party burns precious firewood, and a traveler wakes coughing after sleeping in the smoke."
Limiting liability of gun range owners,AR Lower,Arkansas,Puryear,https://legiscan.com/AR/sponsors/HB1007/2025,Donor Giveaways,"A gun range owner enjoys limited liability and leaves a cracked backstop beside the trail. A ricochet tears your water bag, and rationing leaves a traveler dizzy with dehydration."
Eliminate state health improvement department,AR Upper,Arkansas,King,https://legiscan.com/AR/text/SB141/id/3088645,Donor Giveaways,"The state health improvement department disappears, taking its traveling clinics with it. When a traveler develops a persistent cough, the locked clinic leaves them wheezing through the night's drive."
State level DOGE,AR Upper,Arkansas,King,https://legiscan.com/AR/drafts/SJR10/2025,Donor Giveaways,"State DOGE auditors slash roadside services without checking the route. Your party arrives at a shuttered weigh station, where a missing warning sign sends the van onto a weak plank road."
Allowing BYOB at Golf Courses,AZ Lower,Arizona,Kolodin,https://legiscan.com/AZ/text/HB2411/id/3061076,Donor Giveaways,"Golf-course rules now allow BYOB, and a tipsy grounds crew leaves irrigation hoses across the access lane. Your van catches one, jerking a traveler off the seat and soaking your maps."
Corporate Tax Cut,AZ Lower,Arizona,Kolodin,https://legiscan.com/AZ/text/HB2421/id/3060372,Donor Giveaways,"The town cut its road-maintenance budget after reducing corporate taxes. Your van drops into a pothole deep enough to slam a traveler's head against the window, leaving them dazed and nauseated."
Bars taxes on running bitcoin mines,AZ Upper,Arizona,Rogers,https://www.azleg.gov/legtext/57leg/1R/bills/SB1015P.htm,Donor Giveaways,"Bitcoin mines pay no tax, so a roaring server warehouse takes the town's power during a cold night. Your party's heater dies, and damp blankets leave several travelers shivering by dawn."
Requires state to invest in crypto,AZ Upper,Arizona,Finchem,https://legiscan.com/AZ/text/SB1373/id/3088485,Donor Giveaways,"The state must buy crypto, and a market crash empties funds meant for roadside maintenance. Your party reaches a broken bridge and spends its afternoon dragging timber into place."
Asking the state treasurer to invest in BItcoin,AZ Upper,Arizona,Hoffman,https://legiscan.com/AZ/text/SCR1033/id/3332667,Donor Giveaways,"The treasurer follows a public demand to invest in Bitcoin just as prices collapse. A promised relief convoy never arrives, leaving your party to stretch thin rations through a long detour."
State level DOGE,CO Upper,Colorado,Brooks,https://legiscan.com/CO/drafts/SB135/2025,Donor Giveaways,"State DOGE auditors slash roadside services without checking the route. Your party arrives at a shuttered weigh station, where a missing warning sign sends the van onto a weak plank road."
Invest state funds in Bitcoin,FL Lower,Florida,Barnaby,https://legiscan.com/FL/text/H0487/id/3110434,Donor Giveaways,"State funds move into Bitcoin, and a delayed budget strands a medical supply truck. Your party meets the truck's driver at a closed clinic and must share its own bandages."
Requires businesses to accept crypto,FL Upper,Florida,Rodriguez,https://legiscan.com/FL/text/SB132/2025,Donor Giveaways,"Businesses must accept crypto, but the market swings before your party reaches a fuel pump. The attendant cannot convert the payment, and your party pushes the van to a distant station."
Invest state funds in Bitcoin,FL Upper,Florida,Gruters,https://legiscan.com/FL/text/S0548/id/3108659,Donor Giveaways,"State funds move into Bitcoin, and a delayed budget strands a medical supply truck. Your party meets the truck's driver at a closed clinic and must share its own bandages."
Investing state funds in crypto,FL Upper,Florida,Gruters,https://legiscan.com/FL/drafts/SB1040/2026,Donor Giveaways,Officials invest state funds in crypto and postpone a rest-stop renovation. Your party finds the well fenced off after contamination and carries heavy water containers to camp.
Commend DOGE,GA Lower,Georgia,Gambill,https://legiscan.com/GA/drafts/HR949/2025,Donor Giveaways,"A ceremony honoring the efficiency program blocks the permit-office entrance with chairs and camera crews. Your party waits outside for the speeches to end, and a traveler develops a pounding headache in the sun."
Eliminate state income tax,HI Lower,Hawaii,Muraoka,https://legiscan.com/HI/text/HB283/2025,Donor Giveaways,"The state income tax disappears, and a county cuts its road crew to balance the ledger. Your party crawls over potholes until a jolt cracks a lantern and singes a blanket."
State level DOGE,HI Lower,Hawaii,Ward,https://legiscan.com/HI/text/HCR169/2025,Donor Giveaways,"State DOGE auditors slash roadside services without checking the route. Your party arrives at a shuttered weigh station, where a missing warning sign sends the van onto a weak plank road."
Loosening lobbyist disclosure requirements,IA Lower,Iowa,House Ethics,https://legiscan.com/IA/text/HCR4/id/3095763,Donor Giveaways,"Lobbyist disclosure rules loosen, and a hidden donor gets a private toll-road entrance built through the public route. Your party is waved aside and takes a steep trail that overheats the van brakes."
Requires state to buy crypto,IA Lower,Iowa,Collins,https://legiscan.com/IA/text/HF246/id/3104625,Donor Giveaways,The state is required to buy crypto during a sharp market slide. A canceled culvert project leaves your party facing a flooded crossing and spending the evening ferrying provisions by hand.
Encourage investment in crypto,IA Lower,Iowa,Collins,https://legiscan.com/IA/drafts/HB246/2025,Donor Giveaways,"A roadside billboard encourages crypto investment, and a clerk persuades your party to trade its emergency fund. The token collapses before supplies can be purchased, leaving your pantry dangerously thin."
Legalize state payments in crypto,ID Lower,Idaho,House Business Committee,https://legiscan.com/ID/drafts/H0586/2026,Donor Giveaways,"State payments become legal in crypto, but the bridge authority's wallet goes offline. Your party waits at the gate until rain turns the approach to mud and ruins a bundle of kindling."
Encourage Data Centers,ID Lower,Idaho,House Revenue Committee,https://legiscan.com/ID/drafts/H609/2026,Donor Giveaways,"A new data center receives encouragement to build beside the trail and draws power from nearby farms. Your party's electric pump fails at the well, and filling water barrels becomes a hard trek."
Increases estate tax exception to $12M,IL Lower,Illinois,Hammond,https://legiscan.com/IL/text/HB1457/2025,Donor Giveaways,"A twelve-million-dollar estate exception lets a wealthy landowner pass his fortune untouched, while the county delays road repairs. Your party encounters a collapsed shoulder and must unload the van before crossing."
Requires state to invest in crypto,IL Lower,Illinois,Cabello,https://legiscan.com/IL/sponsors/HB1844/2025,Donor Giveaways,"The state must buy crypto, and a market crash empties funds meant for roadside maintenance. Your party reaches a broken bridge and spends its afternoon dragging timber into place."
Increase estate tax exception,IL Lower,Illinois,Niemerg,https://legiscan.com/IL/drafts/HB2601/2025,Donor Giveaways,"The estate-tax exception expands, and a county loses the revenue it expected for its clinic. When a traveler twists an ankle, your party finds the nurse gone and makes a splint from a crate."
Eliminate estate tax,IL Upper,Illinois,Rose,https://legiscan.com/IL/drafts/SB1828/2025,Donor Giveaways,"The estate tax vanishes, and a promised bridge fund disappears with it. Your party reaches a gap in the road and spends a cold night redirecting the van around the ravine."
Oppose progressive income tax,IL Upper,Illinois,Curran,https://legiscan.com/IL/drafts/SR114/2025,Donor Giveaways,"Officials oppose progressive income taxes and trim a rest-stop food program. Your party arrives after the last stew pot is empty, forcing everyone to divide a stale loaf for supper."
State level DOGE,IL Upper,Illinois,Chesney,https://legiscan.com/IL/text/SB2619/2025,Donor Giveaways,"State DOGE auditors slash roadside services without checking the route. Your party arrives at a shuttered weigh station, where a missing warning sign sends the van onto a weak plank road."
Replaces income tax with sales tax,IN Lower,Indiana,Borders,https://legiscan.com/IN/text/HB1345/2025,Donor Giveaways,"Income tax is replaced with sales tax, and every supply purchase costs more at the next town. Your party leaves without spare axle grease, then hears the wheel begin to squeal on the climb."
Eliminates no fault divorce for parents,IN Lower,Indiana,Wesco,https://legiscan.com/IN/text/HB1684/2025,Donor Giveaways,"A traveler trying to leave an abusive spouse learns that, as a parent, they can no longer seek a no-fault divorce. They spend the night fielding threatening calls in the van, too frightened to sleep or eat."
Requiring retirement funds offer crypto,IN Lower,Indiana,Pierce,https://legiscan.com/IN/drafts/HB1042/2026,Donor Giveaways,"Retirement funds must offer crypto, and a market crash shakes the town's credit union. The proprietor closes before issuing your party's promised fuel voucher, extending the journey."
Allow state lawmakers to serve as lobbyists to state agencies,KS Upper,Kansas,State and Federal Affairs Committee,https://legiscan.com/KS/text/SB286/2025,Donor Giveaways,"Lawmakers may lobby the agencies they once oversaw, and a favored contractor wins the trail maintenance deal. Your party meets fresh paint over an unrepaired rut, and a traveler wrenches their back pushing the van free."
Allowing crypto contributions,KS Upper,Kansas,Bowser,https://legiscan.com/KS/drafts/SB310/2026,Donor Giveaways,"A campaign funded through newly accepted crypto donations fills the roadside plaza with a promotional rally. Your party is caught between its crowd and a delivery truck, and a traveler takes a bruising fall against the curb."
Investing state funds in crypto,KS Upper,Kansas,Bowser,https://legiscan.com/KS/drafts/SB352/2026,Donor Giveaways,Officials invest state funds in crypto and postpone a rest-stop renovation. Your party finds the well fenced off after contamination and carries heavy water containers to camp.
Lets state invest in crypto,KY Lower,Kentucky,Roberts,https://legiscan.com/KY/text/HB376/id/3106820,Donor Giveaways,"The state invests in crypto and sells reserve grain to cover a bad trade. Your party reaches the depot to find empty bins and must forage along a longer, rougher route."
State level DOGE,KY Upper,Kentucky,Tichenor,https://legiscan.com/KY/text/SR240/2025,Donor Giveaways,"State DOGE auditors slash roadside services without checking the route. Your party arrives at a shuttered weigh station, where a missing warning sign sends the van onto a weak plank road."
Capital gains tax cut,MA Upper,Massachusetts,Tarr,https://malegislature.gov/Bills/194/SD292/Bills,Donor Giveaways,"After the capital-gains tax cut, the county reduced its roadside rescue shifts to balance the budget. Your van overheats on a bare stretch of highway, and the long wait for help leaves a traveler weak with heat exhaustion."
Makes the state buy bitcoin,MA Upper,Massachusetts,Durant,https://malegislature.gov/Bills/194/SD422/Bills,Donor Giveaways,"The state buys Bitcoin at the market's peak, then watches its reserve plunge. Funds for the ferry's broken winch vanish, so your party hauls the van across on a hand line."
Eliminate state income tax,ME Lower,Maine,Libby,https://legiscan.com/ME/drafts/LD671/2025,Donor Giveaways,"The state income tax disappears, and a county cuts its road crew to balance the ledger. Your party crawls over potholes until a jolt cracks a lantern and singes a blanket."
Eliminate state income tax,ME Lower,Maine,Boyer,https://legiscan.com/ME/text/LD856/2025,Donor Giveaways,"The state income tax disappears, and a county cuts its road crew to balance the ledger. Your party crawls over potholes until a jolt cracks a lantern and singes a blanket."
Prohibit state from regulating pollution more stringently than the federal government,MI Lower,Michigan,Johnsen,https://legiscan.com/MI/text/HB4160/2025,Donor Giveaways,"Pollution rules cannot be stricter than federal ones, and a factory releases smoke beside the road. Your party coughs through the haze while a traveler with asthma struggles to keep pace."
Ban Crypto Regulation,MI Lower,Michigan,DeSana,https://legiscan.com/MI/text/HB5132/id/3274511,Donor Giveaways,"Crypto regulation is banned, and a coin exchange opens in the feed store. Its servers fail during a rush, trapping your party's payment and leaving travelers weak from missing supper."
Keeping gun ranges open during emergencies,MN Lower,Minnesota,Gillman,https://legiscan.com/MN/text/HF1421/id/3138706/Minnesota-2025-HF1421-Introduced.pdf,Donor Giveaways,"Gun ranges must stay open during emergencies, so one keeps firing while wildfire smoke fills the valley. Your party takes the detour under falling ash and loses a water barrel to a startled horse."
State level DOGE,MN Lower,Minnesota,Engen,https://legiscan.com/MN/votes/HF2420/2025,Donor Giveaways,"State DOGE auditors slash roadside services without checking the route. Your party arrives at a shuttered weigh station, where a missing warning sign sends the van onto a weak plank road."
Make it easier for lawmakers to work as lobbyists,MN Lower,Minnesota,Quam,https://legiscan.com/MN/text/HF2538/2025,Donor Giveaways,"Lawmakers find lobbying easier and steer a contract toward a private road operator. The operator closes a public shortcut for a fee, sending your party onto a washed-out grade."
Eliminates requirement that crypto not waste energy,MN Upper,Minnesota,Gruenhagen,https://legiscan.com/MN/text/SB1879/2025,Donor Giveaways,"Crypto miners no longer need to prove they save energy, and a new server hall drains the local grid. Your party's refrigeration fails, spoiling medicine before the next town."
Invest state money in crypto,MN Upper,Minnesota,Miller,https://legiscan.com/MN/text/SF2661/2025,Donor Giveaways,"State money enters crypto just before a steep plunge, freezing funds for the roadside clinic. A traveler's infected scrape worsens while your party searches for an open doctor."
State Level DOGE,MN Upper,Minnesota,Coleman,https://legiscan.com/MN/text/SF3293/2025,Donor Giveaways,"State DOGE cuts staff at the navigation office and removes old route markers. Your party follows a faded arrow into a marsh, where the van sinks axle-deep."
Eliminating corporate taxes,MO Lower,Missouri,Vernetti,https://legiscan.com/MO/bill/HB425/2025,Donor Giveaways,"Corporate taxes vanish, and the county closes its bridge inspection program. Your party crosses a timber span that groans under the van, then discovers a cracked axle on the far bank."
Capital Gains Tax Cut,MO Lower,Missouri,Hruza,https://house.mo.gov/Bill.aspx?bill=HB508&year=2025&code=R,Donor Giveaways,"A capital-gains cut fuels a rush to buy land along the trail. Construction crews fence the usual rest meadow, and the long search for water leaves a traveler faint with dehydration."
Requiring state to buy bitcoin,MO Lower,Missouri,Keathley,https://legiscan.com/MO/drafts/HB1217/2025,Donor Giveaways,"The state must buy Bitcoin, and a market shock cancels its promised emergency fuel reserve. Your party's tank runs dry before the next station, turning the final miles into a push."
Creates state bitcoin fund,MO Lower,Missouri,Keathley,https://legiscan.com/MO/text/HB1217/id/3107578,Donor Giveaways,"A state Bitcoin fund loses value overnight, and the promised road-grading crew never arrives. Your party's van jolts over ridges until a medicine bottle shatters in its box."
Makes it harder to win a products liability lawsuit,MO Upper,Missouri,Trent,https://legiscan.com/MO/text/SB552/2025,Donor Giveaways,"Product-liability rules make a defective camp stove harder to challenge. Its valve spits flame into your party's canvas shelter, scorching bedding and leaving a traveler with a painful burn."
Lets state invest in crypto,MO Upper,Missouri,Fitzwater,https://legiscan.com/MO/text/SB614/id/3077373,Donor Giveaways,"The state invests in crypto and sells reserve grain to cover a bad trade. Your party reaches the depot to find empty bins and must forage along a longer, rougher route."
Bans tax on unrealized gains,MO Upper,Missouri,Brattin,https://legiscan.com/MO/drafts/SJR53/2025,Donor Giveaways,"Unrealized gains cannot be taxed, so the county delays water-treatment repairs while an investor holds assets tax-free. Your party finds the tap shut and hikes for water until a traveler suffers heat exhaustion."
Eliminate state income tax,MO Upper,Missouri,Moon,https://legiscan.com/MO/text/SJR56/id/3090428,Donor Giveaways,"The state income tax disappears, and a county cuts its road crew to balance the ledger. Your party crawls over potholes until a jolt cracks a lantern and singes a blanket."
Pretty much makes every business regulation null and void,MO Upper,Missouri,Schroer,https://www.senate.mo.gov/26info/BTS_Web/Bill.aspx?SessionType=R&BillID=19781,Donor Giveaways,"The roadside warehouse has stopped bothering with the business safety rules it says are now unenforceable. A loose crate topples from an overloaded pallet as your party walks past, bruising a traveler's shoulder."
Seems to limit liability of crypto companies,MO Upper,Missouri,Henderson,https://www.senate.mo.gov/26info/BTS_Web/Bill.aspx?SessionType=R&BillID=74595,Donor Giveaways,"Crypto companies gain protection from liability, and a wallet provider ignores a security breach. Your party's payment disappears, leaving the merchant unwilling to release the flour already loaded on the counter."
Jacks up check cashing fees,MS Lower,Mississippi,Zuber,https://legiscan.com/MS/text/HB260/2025,Donor Giveaways,"Check-cashing fees jump at the only town office. Your party exchanges a traveler's wage for far less cash, then leaves behind needed lamp oil when the remaining coins run out."
Eliminates state income tax,MS Lower,Mississippi,Remak,https://legiscan.com/MS/text/HB212/2025,Donor Giveaways,"The state income tax ends, and local services shrink to match the missing revenue. Your party reaches a rest station with no pump attendant, then spends hours lifting water from a shallow ditch."
Lets state invest in crypto,NC Lower,North Carolina,Ross,https://legiscan.com/NC/text/H92/id/3115278,Donor Giveaways,"The state invests in crypto and sells reserve grain to cover a bad trade. Your party reaches the depot to find empty bins and must forage along a longer, rougher route."
Require state to invest in Bitcoin,NC Upper,North Carolina,Overcash,https://legiscan.com/NC/text/SB327/2025,Donor Giveaways,"The state is ordered to invest in Bitcoin during a volatile week. A frozen maintenance budget leaves a fallen tree across the road, and your party must saw through it by hand."
Encourages the state to invest in crypto,ND Lower,North Dakota,Toman,https://legiscan.com/ND/text/HB1184/id/3046589,Donor Giveaways,"Officials encourage crypto investment from every public noticeboard. A trader talks your party into exchanging its spare provisions for tokens, and the crash leaves you hungry before the next market."
Requires commercial districts permit crypto mining,ND Lower,North Dakota,Toman,https://legiscan.com/ND/text/HB1239/2025,Donor Giveaways,"The commercial district has had to admit a crypto mine, and its grid demand knocks out power at your motel. With the air conditioning dead and the windows sealed, a traveler spends the night sweating through the sheets and wakes dizzy."
Legalizes taking gifts from lobbyists on junkets,ND Lower,North Dakota,Kasper,https://legiscan.com/ND/text/HB1304/2025,Donor Giveaways,"Lobbyists may give gifts during junkets, and a lavish resort receives the only repaired ferry boat. Your party waits at the neglected landing until darkness makes the crossing unsafe."
Ban inheritance taxes,NE,Nebraska,Hallstrom,https://legiscan.com/NE/bill/LR13CA/2025,Donor Giveaways,"Inheritance taxes are banned, and a county loses money earmarked for its emergency shelter. A storm strands your party near the locked building with only a thin tarp for cover."
Encourages the state to invest in crypto,NH Lower,New Hampshire,Ammon,https://legiscan.com/NH/bill/HB302/2025,Donor Giveaways,"Officials encourage crypto investment from every public noticeboard. A trader talks your party into exchanging its spare provisions for tokens, and the crash leaves you hungry before the next market."
Deregulates crypto mining,NH Lower,New Hampshire,Ammon,https://legiscan.com/NH/text/HB639/id/3063137,Donor Giveaways,"Crypto mining is deregulated, and noisy rigs fill an old grain depot. Your party cannot sleep beside the road, and a traveler starts the next drive trembling with exhaustion."
Establish DOGE for New Jersey,NJ Upper,New Jersey,Pennachio,https://legiscan.com/NJ/drafts/SJR147/2025,Donor Giveaways,"The new government-cutting office has stripped staff from the permit counter. A misfiled form keeps your party waiting beneath a glass roof all afternoon, and a traveler starts shaking with heat exhaustion."
Flat tax,NJ Upper,New Jersey,Amato,https://legiscan.com/NJ/drafts/S4930/2026,Donor Giveaways,"A flat tax shifts the town budget away from the small ferry service. Your party finds the operator short-handed, loads the van alone, and drops a crate of medicine into the current."
Eliminates income tax,NM Lower,New Mexico,Sena Cortez,https://legiscan.com/NM/text/HB275/id/3103267,Donor Giveaways,"Income tax disappears, and the county abandons its roadside trash pickup. Your party's campsite fills with scavenging animals that rip open a sack of dried beans."
Require state to buy bitcoin,NM Upper,New Mexico,Thornton,https://legiscan.com/NM/drafts/SB275/2025,Donor Giveaways,"The state buys Bitcoin again, and another price plunge freezes the road fund. Your party reaches a bridge with missing rails and must lash poles together before crossing."
Eliminating the estate tax,NY Lower,New York,Walsh,https://legiscan.com/NY/bill/A00498/2025,Donor Giveaways,"After the estate-tax repeal, the county shelves a promised repair to the public campground's water main. Your party hauls containers from a distant pump, and a traveler strains their back lifting one into the van."
Caps income taxes,NY Lower,New York,DiPietro,https://legiscan.com/NY/text/A2104/2025,Donor Giveaways,"Income taxes are capped, and the clinic shortens its hours to survive. A traveler's worsening fever meets a locked door, forcing your party to improvise care in the van."
State level DOGE,NY Lower,New York,Gallahan,https://legiscan.com/NY/drafts/A6089/2025,Donor Giveaways,"State DOGE auditors slash roadside services without checking the route. Your party arrives at a shuttered weigh station, where a missing warning sign sends the van onto a weak plank road."
Lowering taxes on luxury cigars,NY Upper,New York,Gallivan,https://legiscan.com/NY/sponsors/S93/2025,Donor Giveaways,"The cigar shop celebrates its luxury-tax cut with a crowded tasting beside the bus stop where your traveler is waiting. Smoke pools beneath the awning, and the traveler's chest tightens into a wheezing fit."
State level DOGE,NY Upper,New York,Walczyk,https://legiscan.com/NY/text/S4959/2025,Donor Giveaways,"State DOGE auditors slash roadside services without checking the route. Your party arrives at a shuttered weigh station, where a missing warning sign sends the van onto a weak plank road."
Invest government assets in crypto,OH Lower,Ohio,Demetriou,https://legiscan.com/OH/bill/HB713/2025,Donor Giveaways,"Government assets move into crypto, and a reserve selloff delays payment for a water tanker. Your party reaches the dry station after the tanker leaves and must ration every cup."
Income tax cut for rich,OH Lower,Ohio,Mathews,https://legiscan.com/OH/sponsors/HB30/2025,Donor Giveaways,"A rich household receives an income-tax cut while the county trims its roadside rescue crew. When your van breaks a fan belt on a steep grade, help arrives only after nightfall."
Lowers taxes on crypto,OH Lower,Ohio,Demetriou,https://legiscan.com/OH/text/HB116/id/3138531,Donor Giveaways,"Crypto taxes drop, drawing a crowd to a trading kiosk beside the trail. A failed transaction locks your party's supply money, and the store refuses credit for the next leg."
Cigar bar tax cut,OH Lower,Ohio,Lorenz,https://legiscan.com/OH/text/HB549/id/3274863,Donor Giveaways,"A cigar-bar tax cut brings a crowded smoking lounge to the trailhead. A careless ember catches the dry grass near your camp, and your party spends the evening beating back flames."
Flat Tax,OH Upper,Ohio,Lang,https://legiscan.com/OH/drafts/SB3/2025,Donor Giveaways,"A flat tax leaves the remote road district short of maintenance funds. Your party's van sinks into an unrepaired rut, and everyone must unload sacks before the wheels can turn."
Allows state to invest in bitcoin,OH Upper,Ohio,O'Brien,https://legiscan.com/OH/drafts/SB57/2025,Donor Giveaways,"The state may invest in Bitcoin, and officials do so with money meant for bridge inspections. Your party hears a plank crack under the van and retreats before the span gives way."
Lets state invest in crypto,OK Lower,Oklahoma,Lepak,https://legiscan.com/OK/text/HB1891/id/3079239,Donor Giveaways,"The state invests in crypto and sells reserve grain to cover a bad trade. Your party reaches the depot to find empty bins and must forage along a longer, rougher route."
Require businesses be able to make payments in Bitcoin,OK Upper,Oklahoma,Deevers,https://legiscan.com/OK/sponsors/SB325/2025,Donor Giveaways,"A roadside employer uses the newly permitted Bitcoin payment route for a traveler's day wages. The transfer gets stuck before dinner can be bought, leaving the traveler shaky and hungry beside the van."
Integrate bitcoin into state payments,OK Upper,Oklahoma,Deevers,https://legiscan.com/OK/drafts/SB2064/2026,Donor Giveaways,"Bitcoin is integrated into state payments, and the toll system goes offline during a software update. Your party misses the supply convoy and reaches camp with empty water jugs."
Corporate Tax Cut,OR Upper,Oregon,Smith,https://legiscan.com/OR/text/SB490/2025,Donor Giveaways,"The town cut its road-maintenance budget after reducing corporate taxes. Your van drops into a pothole deep enough to slam a traveler's head against the window, leaving them dazed and nauseated."
Estate tax cut,OR Upper,Oregon,Girod,https://legiscan.com/OR/text/SB405/2025,Donor Giveaways,"An estate-tax cut leaves less money for the county ambulance service. A traveler faints from heat at a roadside stop, and your party carries them miles before finding aid."
Corporate tax cut,PA Lower,Pennsylvania,Kephardt,https://legiscan.com/PA/text/HB760/id/3150902,Donor Giveaways,"A corporate tax cut lets a haulage company expand its fleet without funding safer routes. A speeding truck clips your van mirror, and a broken shard cuts a traveler's hand."
State level DOGE,PA Upper,Pennsylvania,Phillips-Hill,https://legiscan.com/PA/text/SB462/2025,Donor Giveaways,"State DOGE auditors slash roadside services without checking the route. Your party arrives at a shuttered weigh station, where a missing warning sign sends the van onto a weak plank road."
DOGE buys the state,PA Upper,Pennsylvania,Mastriano,https://legiscan.com/PA/text/SR63/2025,Donor Giveaways,"Auditors gut roadside offices under a state-level DOGE program and close the nearest ranger station. Your party loses the marked route around a rockslide, and a traveler twists an ankle scrambling over rubble."
State level DOGE,SC Lower,South Carolina,Hiott,https://legiscan.com/SC/drafts/H3926/2025,Donor Giveaways,"State DOGE auditors slash roadside services without checking the route. Your party arrives at a shuttered weigh station, where a missing warning sign sends the van onto a weak plank road."
Require state to invest in crypto,SC Lower,South Carolina,Pace,https://legiscan.com/SC/text/HB4256/2025,Donor Giveaways,"The state must invest in crypto, and a collapse drains the account for trail-side wells. Your party finds the pump dry and carries water uphill until shoulders ache."
Lets state invest in crypto,SD Lower,South Dakota,Manhart,https://legiscan.com/SD/text/HB1202/2025,Donor Giveaways,"The state invests in crypto and sells reserve grain to cover a bad trade. Your party reaches the depot to find empty bins and must forage along a longer, rougher route."
Lets state invest in bitcoin,SD Lower,South Dakota,Manhart,https://legiscan.com/SD/drafts/HB1202/2025,Donor Giveaways,"The state invests in Bitcoin while prices swing wildly, postponing a food inspection. Your party buys a sealed crate that has spoiled inside and discovers the problem only at supper."
Urge state to invest in bitcoin,SD Lower,South Dakota,Manhart,https://legiscan.com/SD/drafts/HCR6006/2025,Donor Giveaways,"Officials urge investment in Bitcoin, and a town clerk abandons the permit desk to trade. Your party waits through the closing bell and misses the only ferry of the day."
Let state invest in bitcoin,SD Lower,South Dakota,Manhart,https://legiscan.com/SD/drafts/HB1155/2026,Donor Giveaways,"The state lets its treasury invest in Bitcoin, and a sharp drop shutters a repair depot. Your party patches a split tire with canvas and crawls onward at a slow pace."
"Honor Susie Wiles, a corporate lobbyist",TN Lower,Tennessee,Faison,https://legiscan.com/TN/drafts/HJR50/2025,Donor Giveaways,The town closes its main street for a ceremony honoring the corporate lobbyist. Your party ends up parked blocks from its motel; carrying supplies through the heat leaves a traveler dizzy and nauseated.
Allows people to opt out of professional licensing requirements for religious reasons,TN Upper,Tennessee,Taylor,https://legiscan.com/TN/text/SB0226/id/3086225,Donor Giveaways,"A trainee opts out of professional licensing for religious reasons and opens an uninspected roadside clinic. A traveler receives poor treatment for a sprain, swelling badly before your party finds proper care."
Forcing state to invest in crypto,TN Upper,Tennessee,Roberts,https://wapp.capitol.tn.gov/apps/BillInfo/Default?BillNumber=SB2639&ga=114,Donor Giveaways,"The treasury's required crypto purchases have plunged in value, delaying the rural clinic's supply order. A traveler finds their needed medicine out of stock and returns to the van with their symptoms worsening."
Subsidizing buying cryptocurrency,TX Lower,Texas,Capriglione,https://capitol.texas.gov/BillLookup/History.aspx?LegSess=89R&Bill=HB1598,Donor Giveaways,"A subsidy makes cryptocurrency cheap to buy, and townspeople empty the cooperative's cash reserve. Your party arrives for flour and finds the shelves bare, then forages for supper."
Ban progressive taxation,TX Lower,Texas,Harrison,https://legiscan.com/TX/text/HCR68/2025,Donor Giveaways,"After the ban on progressive taxation, the county cuts maintenance at its remote rest areas. A rotten step gives way under a traveler at the washroom, leaving a swollen ankle for the drive ahead."
Allow impeached officers to continue getting their salary,TX Lower,Texas,Leach,https://legiscan.com/TX/text/HB3067/id/3132415,Donor Giveaways,"An impeached officer keeps drawing a salary while the office stops answering emergency calls. Your party waits beside the broken van, and a traveler develops heat exhaustion before help appears."
Allow impeached officials to continue their jobs,TX Lower,Texas,Lowe,https://legiscan.com/TX/text/HJR149/2025,Donor Giveaways,The official under impeachment remains in charge of the permit desk and refuses to acknowledge the complaint about your party's delay. Hours standing on the pavement leave a traveler's injured knee throbbing.
State level DOGE,TX Lower,Texas,Money,https://legiscan.com/TX/drafts/HB4008/2025,Donor Giveaways,"State DOGE auditors slash roadside services without checking the route. Your party arrives at a shuttered weigh station, where a missing warning sign sends the van onto a weak plank road."
Establishes Strategic Bitcoin Reserve,TX Upper,Texas,Schwertner,https://legiscan.com/TX/bill/SB778/2025,Donor Giveaways,"A Strategic Bitcoin Reserve absorbs money set aside for disaster response. When a flash flood cuts the route, your party finds no sandbags and watches its lowest supply crate float away."
Constitutional right to own crypto,TX Upper,Texas,Parker,https://legiscan.com/TX/text/SJR55/2025,Donor Giveaways,"A market seller waves a notice of the new constitutional crypto right as though it guarantees the token they're selling. A traveler trusts the pitch and cannot recover their travel money, then goes without dinner and wakes trembling with hunger."
Invest state money in gold,UT Lower,Utah,Ivory,https://legiscan.com/UT/drafts/HB195/2026,Donor Giveaways,The state has tied up its cash reserve in gold and delayed repairs to the campground's pump. Your party carries water uphill from another site until a traveler's shoulders spasm under the load.
Eliminate capital gains tax,WA Lower,Washington,Dufault,https://legiscan.com/WA/text/HB1665/id/3085236,Donor Giveaways,"The county drops a roadside shelter grant after eliminating capital-gains taxes. Your party arrives in driving rain to find the shelter locked, and a traveler spends a miserable night shivering in wet clothes."
Eliminate estate tax,WA Lower,Washington,Dufault,https://legiscan.com/WA/drafts/HB1666/2025,Donor Giveaways,"The estate tax vanishes, and a promised bridge fund disappears with it. Your party reaches a gap in the road and spends a cold night redirecting the van around the ravine."
Capital Gains Tax Cut,WA Lower,Washington,Dufault,https://legiscan.com/WA/drafts/HB1665/2026,Donor Giveaways,"A capital-gains cut fuels a rush to buy land along the trail. Construction crews fence the usual rest meadow, and the long search for water leaves a traveler faint with dehydration."
Make it easier to rip off crypto holders,WI Lower,Wisconsin,Neylon,https://legiscan.com/WI/bill/AB892/2026,Donor Giveaways,"The exchange operator shrugs at your traveler's missing deposit, pointing to the new protections against complaints. With the supply budget trapped, the traveler stretches a packet of crackers into dinner and grows weak loading the van."
Ban Crypto Regulation,WI Upper,Wisconsin,Testin,https://legiscan.com/WI/text/SB535/id/3273926,Donor Giveaways,"Crypto regulation is banned, and a coin exchange opens in the feed store. Its servers fail during a rush, trapping your party's payment and leaving travelers weak from missing supper."
Making crypto legal tender,WV Lower,West Virginia,Anders,https://legiscan.com/WV/text/HB2463/2025,Donor Giveaways,"Crypto becomes legal tender, but its value tumbles between the pump and the register. The attendant cancels the sale, and your party spends the night siphoning fuel from an unreliable can."
Abolish state income tax,WV Lower,West Virginia,McGeehan,https://legiscan.com/WV/drafts/HB2599/2025,Donor Giveaways,The state abolishes income tax and closes the rural clinic to balance its budget. A traveler's infection spreads while your party searches for a pharmacist willing to help.
Eliminate federal income tax,WV Lower,West Virginia,Funkhouser,https://legiscan.com/WV/text/HCR75/2025,Donor Giveaways,"A rally demanding the end of federal income tax takes over the plaza outside the relief office. Your party is caught in its shouting crowd, and a traveler bruises a rib against a barricade while trying to reach the van."
Corporate tax cut,WV Lower,West Virginia,McCormick,https://legiscan.com/WV/text/HB3293/2025,Donor Giveaways,"A corporate tax cut lets a haulage company expand its fleet without funding safer routes. A speeding truck clips your van mirror, and a broken shard cuts a traveler's hand."
Allows state to invest in crypto,WV Upper,West Virginia,Rose,https://legiscan.com/WV/text/SB465/2025,Donor Giveaways,"A loss on the state's crypto investment has delayed payment to the road-grading crew. Your van lurches through an unfinished repair, wrenching a traveler's neck against the headrest."
State Level DOGE,WV Upper,West Virginia,Rose,https://legiscan.com/WV/drafts/SB164/2026,Donor Giveaways,"State DOGE cuts staff at the navigation office and removes old route markers. Your party follows a faded arrow into a marsh, where the van sinks axle-deep."
Allow state to make payments in crypto,WV Upper,West Virginia,Helton,https://legiscan.com/WV/text/SB560/2026,Donor Giveaways,"The state paid its ferry contractor in crypto, and a conversion problem has left the crew refusing to work. Your party waits on the exposed landing until a traveler becomes faint from the heat."
Incentivizes using crypto to break the law,WY Lower,Wyoming,Singh,https://legiscan.com/WY/text/HB0308/id/3084966,Donor Giveaways,"A roadside dealer offers an untraceable crypto discount, boasting about the new loophole for hiding the transaction. They disappear with the payment; a traveler goes without supper to keep the van moving and wakes dizzy with hunger."
Do away with lower speed limits for trucks over 13 tons,IN Lower,Indiana,Aylesworth,https://legiscan.com/IN/bill/HB1078/2025,Unsafe Driving,"A heavy truck no longer held to the lower speed limit barrels past on the grade. Its trailer clips your mirror, and a shower of glass leaves a traveler's arm bleeding."
Allow oversize truck loads to be on the road 24 hours a day,PA Lower,Pennsylvania,Diamond,https://legiscan.com/PA/text/HB616/id/3134292,Unsafe Driving,"An oversized night load squeezes your van onto the unlit shoulder. The wheel drops into a rut and the seat belt bites hard across a traveler's ribs, leaving every breath painful."
Eliminate helmet laws,WV Lower,West Virginia,Crouse,https://legiscan.com/WV/text/HB2739/2025,Unsafe Driving,"The roadside scooter rental stops requiring helmets after the law is repealed. A traveler takes one on a quick supply run, skids on gravel, and returns with a throbbing head and scraped cheek."
Increasing the amount of lead that can be in pipes,AL Lower,Alabama,Wood,https://legiscan.com/AL/text/HB330/2025,Dirty Air and Water,"Lead limits in pipes rise, and the campground posts a notice that its old pipes are unsafe. Your party hikes for a clean source, leaving a traveler dizzy and dehydrated."
Ban towns from regulating pesticdes,CT Lower,Connecticut,Dubitsky,https://legiscan.com/CT/text/HB05913/id/3070614,Dirty Air and Water,"Towns can no longer regulate pesticides, so a field is sprayed beside the road without a buffer. The drifting mist irritates several travelers' eyes and forces your party to abandon camp."
Gives immunity to people who spray pesticides,FL Lower,Florida,Grow,https://legiscan.com/FL/text/H0129/id/3046281,Dirty Air and Water,"Pesticide sprayers receive immunity for their work and skip the warning flags. Your party walks through a treated verge, and a traveler breaks out in a rash before sunset."
Eliminates liability for Roundup,FL Lower,Florida,Grow,https://legiscan.com/FL/bill/HB443/2026,Dirty Air and Water,"Roundup liability disappears, and a distributor stores leaking drums beside the trail. Rain carries the residue into your water barrel, leaving the party searching for a clean spring."
Bans state lawsuits against Bayer for Roundup,GA Lower,Georgia,Meeks,https://legiscan.com/GA/drafts/HB424/2025,Dirty Air and Water,"State lawsuits against Bayer over Roundup are barred, so a damaged farm receives no cleanup help. Your party crosses its runoff ditch and spends the night washing chemical stink from its blankets."
Bans state lawsuits against Bayer for Roundup,GA Upper,Georgia,Watson,https://legiscan.com/GA/drafts/SB144/2025,Dirty Air and Water,"State lawsuits against Bayer over Roundup are barred, so a damaged farm receives no cleanup help. Your party crosses its runoff ditch and spends the night washing chemical stink from its blankets."
Bayer Roundup bailout,KS Lower,Kansas,Agriculture Committee,https://legiscan.com/KS/drafts/HB2476/2026,Dirty Air and Water,"A Roundup bailout keeps a careless depot operating after a spill. Your party's tires roll through the slick and track residue into the van, tainting food sacks and canvas."
Deregulating pesticides,KY Upper,Kentucky,Howell,https://legiscan.com/KY/drafts/SB199/2026,Dirty Air and Water,"Pesticide rules loosen, and a grower sprays through a warm afternoon with no notice. Your party's throat burns in the drifting cloud, forcing a long detour around the fields."
Repeal state PFAS standards,ME Lower,Maine,Timberlake,https://legiscan.com/ME/text/LD1903/id/3228800,Dirty Air and Water,"State PFAS standards are repealed, and the rest stop's old foam suppressant contaminates its supply. Your party finds a notice closing the tap and hikes for water until a traveler develops heat exhaustion."
Deregulate PFAS,MN Upper,Minnesota,Eichorn,https://legiscan.com/MN/text/SF2164/id/3154283,Dirty Air and Water,"PFAS protections are deregulated, allowing a factory to drain treated water toward the campground. A contamination notice closes the faucet, and the hot hike to a safe source leaves a traveler faint."
Loosens rules on PFAS,MN Upper,Minnesota,Eichorn,https://legiscan.com/MN/text/SF2409/2025,Dirty Air and Water,"Rules on PFAS are loosened, and a new disposal pit opens near the trail. A warning closes the nearby water point, and the long walk for clean water leaves a traveler with cracked lips and dizziness."
Loosens rules on lead solder,MN Upper,Minnesota,Eichorn,https://legiscan.com/MN/text/SF2446/2025,Dirty Air and Water,"Lead-solder rules loosen at the roadside pump, and a notice declares the drinking tap unsafe. Your party hauls fresh containers from a distant creek, leaving a traveler exhausted and light-headed."
Makes it easier to release contaminants into drinking water,MO Upper,Missouri,Gregory,https://www.senate.mo.gov/26info/BTS_Web/Bill.aspx?SessionType=R&BillID=10337,Dirty Air and Water,"Contaminants can be released into drinking water more easily, and a mill flushes its holding pond upstream. Your party boils the cloudy supply, but several travelers still suffer cramps."
Eliminates state causes of action against pesticide manufacturers,MS Lower,Mississippi,Pigott,https://legiscan.com/MS/text/HB1221/id/3070068,Dirty Air and Water,"Pesticide makers lose state causes of action, so a leaking shipment remains on the roadside. Your party's van brushes the crates, and a sticky chemical film ruins its spare clothing."
Makes it easier to spray pesticides without warning,ND Lower,North Dakota,Hagert,https://legiscan.com/ND/text/HB1318/2025,Dirty Air and Water,"Spraying without warnings becomes easier, and an orchard is treated just as your party passes. A traveler inhales the plume, wheezing until the van reaches clear air."
Urge Congress to permit use of M-44 sodium cyanide canisters,ND Upper,North Dakota,Klein,https://legiscan.com/ND/text/SCR4012/id/3092351,Dirty Air and Water,"The diner wall carries a resolution urging expanded use of cyanide predator traps; outside, a rancher boasts about setting one near the path to the creek. Your party scrambles away from a suspicious device, and a traveler tears their palm on barbed wire."
Limits lead paint monitoring requirements,NJ Lower,New Jersey,DiMaio,https://legiscan.com/NJ/bill/A5413/2024,Dirty Air and Water,"Lead-paint monitoring is limited, and flakes peel from the bunkhouse walls. Your party sleeps there during rain; a traveler wakes coughing and the group scrubs dust from every blanket."
Banning carbon capture in the state,OK Lower,Oklahoma,Humphrey,https://legiscan.com/OK/text/HB1147/id/3054740,Dirty Air and Water,"A new industrial project abandons its carbon-capture plan after the ban, and its construction traffic blocks the only road to your motel. Your van idles behind diesel trucks for an hour, leaving a traveler coughing in the trapped fumes."
Eliminates state law cause of action against Bayer for Roundup,TN Lower,Tennessee,Grills,https://legiscan.com/TN/text/HB0809/id/3098920,Dirty Air and Water,"The state cannot bring a Roundup case against Bayer, and a cleanup crew abandons a contaminated field. Your party's boots carry residue into the van, spoiling the floor mat and a food sack."
Eliminates state level cause of action against pesticides,TN Upper,Tennessee,Stevens,https://legiscan.com/TN/text/SB0527/id/3097920,Dirty Air and Water,"Pesticide manufacturers face no state cause of action, so an old storage tank remains unsealed. Your party camps nearby and wakes to a sharp odor, with several travelers nauseated."
Ban any fees that could go to cleaning up air or water,TX Lower,Texas,Bell,https://legiscan.com/TX/text/HB4313/2025,Dirty Air and Water,"Fees for air and water cleanup are banned, and the town stops collecting runoff funds. Your party reaches a river thick with algae and must haul water from a narrow, muddy seep."
Limits liability for creating oil & gas waste,TX Upper,Texas,Perry,https://legiscan.com/TX/text/SB1399/id/3129854,Dirty Air and Water,"Oil and gas companies gain limited liability for waste, leaving a drilling pit unfenced beside the trail. A van wheel slips into oily sludge, and a traveler strains their back hauling it free."
Make it easier to pollute water,WA Upper,Washington,Short,https://legiscan.com/WA/text/SB5896/id/3291291,Dirty Air and Water,"Water pollution becomes easier, and a mine discharges rust-colored water into the crossing creek. Your party avoids drinking it, but the long detour leaves a traveler nauseated from heat and thirst."
Limits liability for PFAS discharges,WI Lower,Wisconsin,Mursau,https://legiscan.com/WI/text/AB130/id/3173909,Dirty Air and Water,"PFAS discharges carry little liability, so a plant releases foam into the drainage ditch. Your party's filter clogs with residue, and rationing the remaining clean water leaves a traveler dizzy with dehydration."
Eliminate emissions testing for cars,WV Lower,West Virginia,Crouse,https://legiscan.com/WV/text/HB2717/id/3132754,Dirty Air and Water,"Emissions testing ends, and a smoky truck joins the highway with a failing exhaust. Your party follows it through the pass, coughing and slowing whenever the fumes thicken."
Requiring state laws be no more stringent regulating water pollution than federal ones,WV Lower,West Virginia,Rohrbach,https://legiscan.com/WV/drafts/HB4949/2026,Dirty Air and Water,"Water rules may be no stricter than federal ones, so a town stops enforcing its creek protections. Your party finds dead fish downstream and spends the day finding another place to fill barrels."
Eliminate emissions testing,WV Upper,West Virginia,Hart,https://legiscan.com/WV/text/SB679/2025,Dirty Air and Water,"Vehicle emissions testing disappears, and a bus belches black smoke beside your party's car. The driver loses visibility, drifts onto the shoulder, and punctures a tire on roadside debris."
Eliminate clean water standards,WV Upper,West Virginia,Puertas Rucker,https://legiscan.com/WV/text/SB940/2025,Dirty Air and Water,"Clean-water standards vanish at the reservoir crossing. Your party boils the murky water, but the fuel needed for that extra fire leaves little for the next cold camp."
Encourage putting CO2 in the atmosphere,WV Upper,West Virginia,Hart,https://legiscan.com/WV/drafts/SB229/2026,Dirty Air and Water,"Officials encourage releasing CO2, and a carbon-intensive expansion worsens the valley's summer heat. Your party makes frequent stops, while a traveler develops a pounding headache and heat exhaustion."
Eliminate state level cause of action against pesticide manufacturers,WY Lower,Wyoming,Strock,https://legiscan.com/WY/text/HB0285/id/3082376,Dirty Air and Water,"After liability protections leave a pesticide spill unresolved, the usual path to the campground is fenced off. Carrying your supplies around the long detour leaves a traveler with a strained shoulder and raw blisters."
Pride Flag Ban,AK Lower,Alaska,Allard,https://www.akleg.gov/basis/Bill/Detail/34?Root=HB45,Anti-LGBT,"Your party stops at a town building where workers are taking down a Pride flag under the ban. A bystander starts heckling a traveler who objects, and the confrontation leaves them shaking through a panic attack in the van."
Allow adoption agencies to discriminate against gay parents,AR Lower,Arkansas,Bentley,https://legiscan.com/AR/text/HB1669/2025,Anti-LGBT,"A traveler collecting adoption documents is turned away when the agency learns their spouse is the same sex. The agency cites its new freedom to discriminate; the traveler spends the night calling for help, too distressed to sleep."
Pride flag ban,AZ Lower,Arizona,Kupper,https://legiscan.com/AZ/text/HB2113/2025,Anti-LGBT,"The pride flag ban reaches roadside buildings, and a clinic removes the flag that helped travelers find it. Your party misses the entrance during a storm and spends hours searching while a traveler worsens."
Total ban on forcing people to use specific pronouns,CT Upper,Connecticut,Sampson,https://legiscan.com/CT/text/SB00136/id/3042117,Anti-LGBT,"A total ban on required pronouns lets station staff choose mocking forms of address. The confrontation panics a traveler, who hyperventilates while your party waits for a calmer intake clerk."
Pride Flag Ban,FL Lower,Florida,Borrero,https://legiscan.com/FL/text/HB75/2025,Anti-LGBT,"Your party stops at a town building where workers are taking down a Pride flag under the ban. A bystander starts heckling a traveler who objects, and the confrontation leaves them shaking through a panic attack in the van."
"Bans employees from asking to be referred to by preferred pronouns or identifying as nonbinary, making it legal to discriminate against Trans people",FL Lower,Florida,Saunders,https://legiscan.com/FL/text/H1495/id/3148113,Anti-LGBT,"At a roadside diner, a nonbinary traveler quietly corrects the cashier, who refuses and then drops them from a promised shift. The public humiliation leaves the traveler shaking and unable to eat."
Pride Flag Ban,FL Lower,Florida,Borrero,https://legiscan.com/FL/drafts/HB347/2026,Anti-LGBT,"Your party stops at a town building where workers are taking down a Pride flag under the ban. A bystander starts heckling a traveler who objects, and the confrontation leaves them shaking through a panic attack in the van."
Legalize bosses picking on trans employees,FL Lower,Florida,Plakon,https://legiscan.com/FL/text/H641/2026,Anti-LGBT,"A motel manager singles out your trans traveler, mocking their voice in front of the lobby and cutting off the room key. The traveler’s panic brings on a splitting headache and sleeplessness through the night."
Pride Flag Ban,FL Upper,Florida,Fine,https://www.flsenate.gov/Session/Bill/2025/100,Anti-LGBT,"Your party stops at a town building where workers are taking down a Pride flag under the ban. A bystander starts heckling a traveler who objects, and the confrontation leaves them shaking through a panic attack in the van."
Pride Flag Ban,IA Lower,Iowa,Andrews,https://legiscan.com/IA/text/HF694/2025,Anti-LGBT,"Your party stops at a town building where workers are taking down a Pride flag under the ban. A bystander starts heckling a traveler who objects, and the confrontation leaves them shaking through a panic attack in the van."
Resolution to overturn Obergfell,IA Upper,Iowa,Salmon,https://legiscan.com/IA/drafts/SCR3/2025,Anti-LGBT,"Two married travelers discover at a county counter that their vows are being challenged, and their emergency contact is rejected. One partner hyperventilates, then spends the afternoon nauseated and unable to drive."
Pride Flag Ban,ID Lower,Idaho,Education Committee,https://legiscan.com/ID/text/HB10/2025,Anti-LGBT,"Your party stops at a town building where workers are taking down a Pride flag under the ban. A bystander starts heckling a traveler who objects, and the confrontation leaves them shaking through a panic attack in the van."
Pride Flag Ban,ID Lower,Idaho,Education Committee,https://legiscan.com/ID/drafts/HB41/2025/,Anti-LGBT,"Your party stops at a town building where workers are taking down a Pride flag under the ban. A bystander starts heckling a traveler who objects, and the confrontation leaves them shaking through a panic attack in the van."
Pride Flag Ban,ID Lower,Idaho,House State Affairs,https://legiscan.com/ID/drafts/HB538/2025,Anti-LGBT,"Your party stops at a town building where workers are taking down a Pride flag under the ban. A bystander starts heckling a traveler who objects, and the confrontation leaves them shaking through a panic attack in the van."
Pride flag ban,ID Lower,Idaho,House State Affairs,https://legiscan.com/ID/drafts/HB561/2026,Anti-LGBT,"The pride flag ban reaches roadside buildings, and a clinic removes the flag that helped travelers find it. Your party misses the entrance during a storm and spends hours searching while a traveler worsens."
Pride Flag Ban,IL Lower,Illinois,Miller,https://legiscan.com/IL/text/HB2876/id/3103136,Anti-LGBT,"Your party stops at a town building where workers are taking down a Pride flag under the ban. A bystander starts heckling a traveler who objects, and the confrontation leaves them shaking through a panic attack in the van."
Pride Flag Ban,IL Lower,Illinois,Weber,https://legiscan.com/IL/drafts/HB3229/2025,Anti-LGBT,"Your party stops at a town building where workers are taking down a Pride flag under the ban. A bystander starts heckling a traveler who objects, and the confrontation leaves them shaking through a panic attack in the van."
Criminalizes using the wrong restroom,IN Lower,Indiana,Borders,https://legiscan.com/IN/text/HB1342/2025,Anti-LGBT,A rest-stop attendant accuses a traveler of using the wrong restroom and calls police before anyone can explain. The frightening interrogation leaves the traveler trembling and short of breath for hours.
Eliminate marriage equality,MI Lower,Michigan,Schriver,https://legiscan.com/MI/drafts/HR0028/2025,Anti-LGBT,"A married couple in your van learns that their marriage may no longer be honored on the road. One partner panics over hospital decisions, while the others search for a welcoming clinic."
Removes civil rights protections for LGBT people,MI Lower,Michigan,Schriver,https://legiscan.com/MI/text/HB4751/2025,Anti-LGBT,"A campground owner refuses your LGBT travelers a site and laughs when they ask where to complain. Driving on after dark leaves one traveler dehydrated, exhausted, and stumbling when they unload."
Remove ban on conversion therapy,MI Lower,Michigan,Schriver,https://legiscan.com/MI/text/HB4752/2025,Anti-LGBT,"A stranded traveler is urged by a roadside counselor to try conversion therapy instead of receiving affirming care. The sessions deepen their distress, and the party must stop so they can recover."
Eviscerate antidiscrimination laws,MN Lower,Minnesota,Quam,https://legiscan.com/MN/text/HF143/id/3072405,Anti-LGBT,"A mechanic refuses service after noticing a traveler’s pride pin, confident there is little recourse. The traveler’s anger and shaking hands make loading the van painful and slow."
Unbanning conversion therapy,MN Lower,Minnesota,Roach,https://legiscan.com/MN/drafts/HF3376/2025,Anti-LGBT,"A frightened traveler finds a counselor advertising conversion therapy at a small-town clinic and goes inside. They return shaken and withdrawn, unable to help navigate the next stretch."
Repeal ban on conversion therapy,MN Upper,Minnesota,Wesenberg,https://legiscan.com/MN/drafts/SF5017/2026,Anti-LGBT,"A family acquaintance presses one of your travelers into a so-called corrective program during a fuel stop. The party pulls away early, carrying fresh anger and a traveler who cannot sleep."
Drag Ban,MO Lower,Missouri,Christensen,https://house.mo.gov/Bill.aspx?bill=HB722&year=2025&code=R,Anti-LGBT,"A café cancels its drag brunch after officials threaten enforcement, leaving your performer traveler without a planned meal. The traveler retreats to the van, humiliated and unable to sleep."
Pride Flag Ban,MO Lower,Missouri,Billington,https://legiscan.com/MO/text/HB1398/id/3134156,Anti-LGBT,"Your party stops at a town building where workers are taking down a Pride flag under the ban. A bystander starts heckling a traveler who objects, and the confrontation leaves them shaking through a panic attack in the van."
Pride flag ban,MO Lower,Missouri,Costlow,https://legiscan.com/MO/text/HB3315/id/3364310,Anti-LGBT,"The pride flag ban reaches roadside buildings, and a clinic removes the flag that helped travelers find it. Your party misses the entrance during a storm and spends hours searching while a traveler worsens."
Encourage SCOTUS to reverse Obergefell,MO Lower,Missouri,Titus,https://legiscan.com/MO/drafts/HCR49/2026,Anti-LGBT,A married pair hears the courthouse may stop recognizing their vows and begins arguing over whose medical decisions would count. One partner develops a stress headache and cannot safely drive.
Lets you sue businesses that accomodate transgender patrons,MO Upper,Missouri,Schroer,https://legiscan.com/MO/drafts/SB632/2025,Anti-LGBT,"A motel welcomes your trans traveler, then a stranger threatens to sue the owner for doing so. The manager asks everyone to leave, and the traveler’s panic makes breathing difficult in the van."
Drag ban,MO Upper,Missouri,Nicola,https://legiscan.com/MO/text/SB764/id/3142509,Anti-LGBT,"A drag performer traveling with you is turned away from a community stage after a new ban is posted. Their humiliation turns into tears and a tight, breathless panic episode."
Drag ban (outside of drag bars),MO Upper,Missouri,Nicola,https://legiscan.com/MO/text/SB1476/id/3299245,Anti-LGBT,"At a county fair outside any drag venue, your costumed traveler is told their outfit itself is forbidden. Security escorts them out, and the traveler’s humiliation turns into a sleepless, tearful night."
Try to overturn Obergefell,MS Upper,Mississippi,Chism,https://legiscan.com/MS/drafts/SC532/2026,Anti-LGBT,"A married traveler reads that the legal foundation for their marriage is under attack and starts calling relatives for documents. The worried calls leave them exhausted, with a pounding headache by dawn."
Pride Flag Ban,MT Lower,Montana,Mitchell,https://legiscan.com/MT/text/HB819/id/3143982,Anti-LGBT,"Your party stops at a town building where workers are taking down a Pride flag under the ban. A bystander starts heckling a traveler who objects, and the confrontation leaves them shaking through a panic attack in the van."
Pride Flag Ban,NC Lower,North Carolina,Echevarria,https://legiscan.com/NC/text/H244/id/3145311,Anti-LGBT,"Your party stops at a town building where workers are taking down a Pride flag under the ban. A bystander starts heckling a traveler who objects, and the confrontation leaves them shaking through a panic attack in the van."
Encourages Supreme Court to end marriage equality,ND Lower,North Dakota,Tveit,https://legiscan.com/ND/bill/HR5001/2025,Anti-LGBT,"A couple in your van realizes a court challenge could erase their marriage recognition, including hospital access. One partner has a panic attack and cannot keep food down."
Allows doctors to not perform life saving surgeries on religious grounds,NH Lower,New Hampshire,Pearson,https://legiscan.com/NH/drafts/HB232/2025,Anti-LGBT,A hospital surgeon declines a life-saving operation for a traveler on religious grounds and offers no timely replacement. The party races to another facility while the patient weakens.
Pride Flag Ban,NH Lower,New Hampshire,Innis,https://legiscan.com/NH/text/HB1345/id/3287535,Anti-LGBT,"Your party stops at a town building where workers are taking down a Pride flag under the ban. A bystander starts heckling a traveler who objects, and the confrontation leaves them shaking through a panic attack in the van."
Eliminating discrimination protections for trans people,NH Lower,New Hampshire,King,https://legiscan.com/NH/drafts/HB1564/2026,Anti-LGBT,"A trans traveler is fired from a warehouse after a supervisor sees their identification, and the complaint desk says protections are gone. The shock leaves them nauseated, trembling, and too distracted to help with the next leg."
Pride Flag Ban,OH Lower,Ohio,Swearingen,https://legiscan.com/OH/drafts/HB602/2025,Anti-LGBT,"Your party stops at a town building where workers are taking down a Pride flag under the ban. A bystander starts heckling a traveler who objects, and the confrontation leaves them shaking through a panic attack in the van."
Requesting Supreme Court overturn Obergfell,OK Upper,Oklahoma,Deevers,https://legiscan.com/OK/drafts/SCR8/2025,Anti-LGBT,A married traveler keeps rereading a notice that their vows may not be honored and misses a turn while driving. The jolt and sudden stop leave them bruised against the dashboard.
Trans treatment ban,OK Upper,Oklahoma,Jett,https://legiscan.com/OK/drafts/SB1905/2026,Anti-LGBT,"A trans traveler’s clinic cancels a planned treatment, saying the new rule leaves them unable to help. The party detours for care, with anxiety making every mile feel longer."
Encourage SCOTUS to overturn Obergefell,SC Lower,South Carolina,Frank,https://legiscan.com/SC/drafts/H5501/2026,Anti-LGBT,"A married pair learns lawmakers are asking the high court to undo their recognition and quietly removes their rings. Their grief settles over the van, slowing every decision."
Pride flag ban,SD Lower,South Dakota,Jensen,https://legiscan.com/SD/text/HB1269/id/3102283,Anti-LGBT,"The pride flag ban reaches roadside buildings, and a clinic removes the flag that helped travelers find it. Your party misses the entrance during a storm and spends hours searching while a traveler worsens."
Ask Supreme Court to ban gay marriage,SD Lower,South Dakota,Randolph,https://legiscan.com/SD/drafts/HCR6012/2025,Anti-LGBT,"A gay couple traveling together fears their marriage certificate will become useless across the route. One partner’s panic brings chest tightness, nausea, and a sleepless night in the van."
Urge Supreme Court to end gay marriage,SD Lower,South Dakota,Randolph,https://legiscan.com/SD/drafts/HCR6010/2026,Anti-LGBT,"A married traveler hears a public appeal to end gay marriage and stops speaking at dinner. The silence becomes a sleepless night, leaving the traveler exhausted and headachy."
Pride Flag Ban,TN Lower,Tennessee,Bulso,https://legiscan.com/TN/drafts/HB304/2025,Anti-LGBT,"Your party stops at a town building where workers are taking down a Pride flag under the ban. A bystander starts heckling a traveler who objects, and the confrontation leaves them shaking through a panic attack in the van."
Allow private entities to ignore marriage equality,TN Lower,Tennessee,Bulso,https://wapp.capitol.tn.gov/apps/BillInfo/Default.aspx?BillNumber=HB1473&ga=114,Anti-LGBT,A private lodging company declines to honor a couple’s marriage and refuses to list one partner as an emergency contact. A cold night in the van leaves both travelers shivering and congested.
Ban on celebrating pride month,TN Lower,Tennessee,Bulso,https://wapp.capitol.tn.gov/apps/BillInfo/Default.aspx?BillNumber=HB1474&ga=114,Anti-LGBT,"A town cancels its Pride display, and a traveler who had planned to sell handmade patches loses the chance to participate. The rejection triggers a tearful panic episode and trembling hands."
Pride flag ban,TN Upper,Tennessee,Hensley,https://wapp.capitol.tn.gov/apps/BillInfo/Default?BillNumber=SB2409&ga=114,Anti-LGBT,"The pride flag ban reaches roadside buildings, and a clinic removes the flag that helped travelers find it. Your party misses the entrance during a storm and spends hours searching while a traveler worsens."
Pride Flag Ban,TX Lower,Texas,Slawson,https://legiscan.com/TX/text/HB2456/id/3102220,Anti-LGBT,"Your party stops at a town building where workers are taking down a Pride flag under the ban. A bystander starts heckling a traveler who objects, and the confrontation leaves them shaking through a panic attack in the van."
Make it illegal to be trans,TX Lower,Texas,Oliverson,https://legiscan.com/TX/text/HB3817/2025,Anti-LGBT,A trans traveler sees police questioning people like them at a fuel station and hides in the van. The fear keeps them from seeking help when their ankle begins to swell.
Making it a criminal offense to display a pride flag,TX Lower,Texas,Schatzline,https://legiscan.com/TX/text/HB3842/2025,Anti-LGBT,"A traveler hangs a small pride flag from the van, and an officer orders it removed under threat of arrest. The confrontation leaves the traveler shaking, with a stress headache that lasts into morning."
Pride Flag Ban,TX Lower,Texas,Hickland,https://legiscan.com/TX/text/HB3990/id/3156886,Anti-LGBT,"Your party stops at a town building where workers are taking down a Pride flag under the ban. A bystander starts heckling a traveler who objects, and the confrontation leaves them shaking through a panic attack in the van."
Bans parents from traveling out of state to seek gender care for their kids,TX Lower,Texas,Hopper,https://legiscan.com/TX/text/HB4710/2025,Anti-LGBT,A parent in your party is stopped while trying to take their child toward out-of-state gender care. The child’s distress becomes a shaking panic attack that leaves everyone frightened.
Pride Flag Ban,TX Upper,Texas,Campbell,https://legiscan.com/TX/text/SB762/2025,Anti-LGBT,"Your party stops at a town building where workers are taking down a Pride flag under the ban. A bystander starts heckling a traveler who objects, and the confrontation leaves them shaking through a panic attack in the van."
Pride Flag Ban,UT Lower,Utah,Lee,https://legiscan.com/UT/text/HB0077/2025,Anti-LGBT,"Your party stops at a town building where workers are taking down a Pride flag under the ban. A bystander starts heckling a traveler who objects, and the confrontation leaves them shaking through a panic attack in the van."
Eliminate existence of LGBT people from sex ed,UT Lower,Utah,Peck,https://legiscan.com/UT/text/HB0566/id/3145777,Anti-LGBT,A young traveler finds that every roadside health lesson skips LGBT people and concludes there is no safe place for them. Their isolation causes a tearful argument that stops the van.
Nickname ban,WA Upper,Washington,McCune,https://legiscan.com/WA/drafts/SB5136/2026,Anti-LGBT,"At a town tutoring program, a teacher refuses to use a traveler’s chosen nickname. The traveler leaves in tears, nauseated and unable to concentrate on the road."
Pride Flag Ban,WI Lower,Wisconsin,O'Connor,https://legiscan.com/WI/text/AB58/id/3139085,Anti-LGBT,"Your party stops at a town building where workers are taking down a Pride flag under the ban. A bystander starts heckling a traveler who objects, and the confrontation leaves them shaking through a panic attack in the van."
Ban students from learning about gay people,WV Lower,West Virginia,Pinson,https://legiscan.com/WV/text/HB2071/2025,Anti-LGBT,"A school shelter removes its lesson on gay history before your party arrives, leaving one traveler feeling erased. They withdraw into a sleepless silence and develop a pounding headache."
Calling transgender people mentally ill,WV Lower,West Virginia,Coop-Gonzalez,https://legiscan.com/WV/text/HR6/2025,Anti-LGBT,"A clinic pamphlet labels a trans traveler mentally ill and recommends a coercive program. The traveler skips needed follow-up care, and the party must manage a worsening headache on the road."
Bans transgender people from within 2500 feet of schools,WV Upper,West Virginia,Azinger,https://legiscan.com/WV/text/SB278/2025,Anti-LGBT,"A trans traveler walking near a school is warned they are violating a wide exclusion zone. The confrontation leaves them panicked and dizzy, needing to sit before the party can continue."
Criminalizing showing children drag,WV Upper,West Virginia,Thorne,https://legiscan.com/WV/text/SB507/2025,Anti-LGBT,"A children’s library cancels a drag story hour just as your party arrives, and a performer traveling with you is questioned outside. The humiliating scene sends a child traveler into a panic."
Don't Say Gay Bill,WV Upper,West Virginia,Azinger,https://legiscan.com/WV/text/SB841/2025,Anti-LGBT,"At a school shelter, a counselor refuses to answer a young traveler’s question about same-sex families. Confusion turns into a tearful argument, leaving the traveler hoarse and exhausted."
Ask to overturn Obergefell,WV Upper,West Virginia,Azinger,https://legiscan.com/WV/drafts/SR61/2026,Anti-LGBT,A married traveler hears officials again asking to undo marriage equality and stuffs their certificate into a backpack. Their panic causes nausea and a sleepless night before the next drive.
Legally recognize covenant marriages,MO Lower,Missouri,Boggs,https://documents.house.mo.gov/billtracking/bills251/hlrbillspdf/0217H.01I.pdf,End No Fault Divorce,"A couple signs a covenant marriage form at a county office, believing it is routine, then learns leaving will require a much harder process. One partner’s shock brings trembling and stomach cramps."
End no fault divorce,MO Lower,Missouri,Boggs,https://legiscan.com/MO/drafts/HB2548/2026,End No Fault Divorce,"Two partners in your van decide they cannot safely stay together, but the local clerk says a simple divorce is no longer available. They remain trapped in a tense, sleepless journey."
State recognition of covenant marriages,MO Upper,Missouri,Moon,https://legiscan.com/MO/drafts/SB769/2025,End No Fault Divorce,"A roadside couple discovers their covenant vows are recognized with strict conditions they never understood. The dispute leaves one partner sobbing, with a migraine that blurs the afternoon."
Allows legal recognition of covenant marriage,OK Upper,Oklahoma,Deevers,https://legiscan.com/OK/bill/SB228/2025,End No Fault Divorce,"A clerk validates a covenant marriage for a couple traveling west, and later explains that ending it will demand proof of fault. The revelation leaves one partner shaking and unable to eat."
Eliminates no fault divorce,OK Upper,Oklahoma,Deevers,https://legiscan.com/OK/text/SB829/id/3081708,End No Fault Divorce,"A traveler fleeing an abusive spouse learns the county will not process a no-fault divorce. Fear keeps them awake and hypervigilant, flinching at every vehicle behind the party."
Legal recognition of covenant marriage,TN Lower,Tennessee,Hurt,https://legiscan.com/TN/text/HB0315/id/3078979,End No Fault Divorce,"A newly married pair accepts a covenant ceremony at a roadside chapel without reading the fine print. When they try to separate, one partner breaks down sobbing and cannot sleep."
State recognition of covenant marriage,TN Upper,Tennessee,Pody,https://legiscan.com/TN/text/SB0737/id/3097552,End No Fault Divorce,"A county recognizes a couple’s covenant vows, then refuses their request for a quick separation. Tempers flare outside the courthouse, and one partner leaves with a bruised wrist."
Eliminate no fault divorce,TX Lower,Texas,Money,https://legiscan.com/TX/text/HB3401/id/3143315,End No Fault Divorce,"A traveler seeking a clean break from a failing marriage is told the no-fault route has vanished. The unresolved conflict causes trembling, insomnia, and a miserable silent drive."
Study on eliminating no fault divorce,WV Lower,West Virginia,Rucker,https://legiscan.com/WV/drafts/SCR6/2026,End No Fault Divorce,A state study on ending no-fault divorce sends a traveler into panic about an already unsafe marriage. They miss a medication refill and spend the night shaking with anxiety.
Ban on red flag laws,AL Lower,Alabama,Yarbrough,https://legiscan.com/AL/drafts/HB409/2025,Pro-Gun Extremism,"A traveler begs police to temporarily remove a volatile relative’s gun, but the request is dismissed under the new rule. A threatening call triggers a panic attack and trembling hands."
Make it harder for law enforcement to track gun purchases,AR Lower,Arkansas,Beaty,https://legiscan.com/AR/text/HB1509/id/3126166,Pro-Gun Extremism,"After a gun is stolen from a roadside vehicle, investigators cannot follow the purchase trail. The shaken traveler develops a stress headache while answering questions for hours."
Removes requirements of gun dealers to secure guns,CO Lower,Colorado,Brooks,https://legiscan.com/CO/drafts/HB1055/2025,Pro-Gun Extremism,An unlocked gun disappears from a dealer’s back room and turns up near your campsite. The sudden gunfire scare leaves a traveler bruised while scrambling into the van.
Lower age to carry a gun to 18,CO Lower,Colorado,Barron,https://legiscan.com/CO/drafts/HB1212/2026,Pro-Gun Extremism,An eighteen-year-old traveler buys a pistol before the crossing and keeps showing it off at rest stops. A careless stumble sends a painful shot through the van’s interior.
Stand Your Ground for Churches,CT Lower,Connecticut,Fishbein,https://legiscan.com/CT/text/HB05597/id/3065922,Pro-Gun Extremism,"During a church service, a dispute over your parking spot escalates because everyone assumes they may stand their ground. A traveler is injured in the scramble to leave."
Stand Your Ground,CT Lower,Connecticut,Hoxha,https://legiscan.com/CT/text/HB6151/2025,Pro-Gun Extremism,A stranger at a fuel station draws a gun during an argument over the pump and claims the law protects them. A traveler ducks behind the van and bruises their shoulder on the bumper.
Legalize high capacity magazines and destroy records of them,CT Lower,Connecticut,Anderson,https://legiscan.com/CT/text/HB5717/2025,Pro-Gun Extremism,A traveler buys a high-capacity magazine and fires a reckless extended burst behind camp. The noise and flying debris cut a traveler’s cheek and send everyone scrambling.
Stand your ground law,CT Upper,Connecticut,Sampson,https://legiscan.com/CT/text/SB518/2025,Pro-Gun Extremism,A campsite quarrel turns dangerous when a neighbor reaches for a gun and refuses to retreat. A traveler spends the night shaking and sleepless in the locked van.
Allows judges to bring guns to court,FL Upper,Florida,Gruters,https://legiscan.com/FL/text/S0548/id/3108659,Pro-Gun Extremism,"A judge arrives at a roadside hearing armed, and a frightened witness refuses to enter the room. The witness hyperventilates and must sit down while your party waits."
Concealed carry in any dorm,FL Upper,Florida,Fine,https://legiscan.com/FL/text/S0814/id/3128339,Pro-Gun Extremism,A dormitory stop feels unsafe when students carry concealed guns through the hallways. One traveler drops a suitcase during a sudden alarm and sprains their wrist.
Eliminates limits on people under 21 on purchasing guns,FL Upper,Florida,Ingoglia,https://legiscan.com/FL/text/SB1716/2025,Pro-Gun Extremism,A young traveler buys a gun without the former age limit and carries it into a crowded diner. A dropped bag causes a stampede that bruises two members of the party.
Allows anyone with a concealed carry permit to bring guns to a school,IA Lower,Iowa,Windschitl,https://legiscan.com/IA/text/HF621/2025,Pro-Gun Extremism,"At a school event, a concealed-carry permit holder’s weapon becomes visible during an argument. A child traveler panics, vomits behind the van, and cannot settle for hours."
Make it easier for teens to get guns,IA Lower,Iowa,Judiciary Committee,https://legiscan.com/IA/text/HF924/2025,Pro-Gun Extremism,"A teenager in your party is offered a gun by a dealer who treats inexperience as a selling point. The teen mishandles it near camp, causing a painful graze."
Lets school bus drivers carry guns,IA Lower,Iowa,Gearhart,https://legiscan.com/IA/drafts/HF2398/2026,Pro-Gun Extremism,"A bus driver carrying a gun reaches for it when traffic stops suddenly, sending passengers scrambling. Your party misses its connection and one traveler hits the pavement."
Let people wave guns around as self-defense,ID Upper,Idaho,Senate State Affairs,https://legiscan.com/ID/text/S1295/id/3362310,Pro-Gun Extremism,"A man waves a pistol at your van while insisting it is self-defense. Everyone ducks below the windows, and one traveler’s panic leaves them dizzy and short of breath."
Repeals requirement that gun owners register for ID cards,IL Lower,Illinois,Jacobs,https://legiscan.com/IL/text/HB1343/2025,Pro-Gun Extremism,"A traveler’s unregistered gun is stolen from the van, leaving no clear record for police to use. The traveler lies awake trembling, replaying how the theft happened."
"Removes state law ban against taking guns on transportation, including planes",IL Lower,Illinois,Windhorst,https://legiscan.com/IL/text/HB1474/2025,Pro-Gun Extremism,"A passenger boards with a concealed gun despite the transport company’s old prohibition, and it is discovered only after a confrontation. A traveler is knocked down in the rush and bruises a hip."
Allows concealed carry on college campuses,IL Lower,Illinois,Niemerg,https://legiscan.com/IL/drafts/HB2615/2025,Pro-Gun Extremism,"A campus clinic visit becomes chaotic when armed students rush past the waiting room. A traveler postpones treatment, and the untreated infection worsens during the next miles."
Lowers age where you can get a gun permit,IL Upper,Illinois,Fowler,https://legiscan.com/IL/drafts/SB3096/2026,Pro-Gun Extremism,"A young traveler obtains a permit before they have learned safe handling. While unloading at camp, they cut their hand and lose the use of it for the day."
Ban on enforcing red flag laws,KY Lower,Kentucky,Roberts,https://legiscan.com/KY/text/HB83/id/3040998,Pro-Gun Extremism,Police cannot act quickly on a warning that a relative is threatening violence because red-flag enforcement has been blocked. A traveler’s fear causes insomnia and a pounding headache.
Lets teens do concealed carry,KY Lower,Kentucky,Maddox,https://legiscan.com/KY/text/HB139/id/3043909,Pro-Gun Extremism,"A local teenager carries concealed at a crowded market, where a dropped jacket exposes the weapon. The panic scatters the party, and one traveler falls and scrapes both knees."
Repeals ban on carrying guns in schools,KY Lower,Kentucky,Maddox,https://legiscan.com/KY/text/HB204/2025,Pro-Gun Extremism,"A school hallway permits firearms again, and a sudden shout sends everyone running. One traveler falls against a locker and needs a splint before the van can leave."
Allow guns at Mardi Gras,LA Lower,Louisiana,Bamburg,https://legiscan.com/LA/text/HB393/2025,Pro-Gun Extremism,"At a Mardi Gras parade, a gun appears above the crowd during a dispute. Your party pushes through the crush, leaving a traveler with a dislocated shoulder."
Eliminates red flag law reporting requirements,MA Lower,Massachusetts,Thurber,https://malegislature.gov/Bills/194/HD3593,Pro-Gun Extremism,A clerk fails to report a threatening gun owner because the reporting requirement disappeared. The confrontation leaves a traveler shaking so badly they cannot hold the water bottle.
Lower gun permit age to 18,MA Lower,Massachusetts,Gaskey,https://malegislature.gov/Bills/194/HD4389,Pro-Gun Extremism,An eighteen-year-old traveler receives a gun permit before understanding its responsibilities. A careless attempt to secure it damages the van and cuts their forearm.
Make it easier to bring a gun to work,ME Lower,Maine,Collins,https://legiscan.com/ME/text/LD998/2025,Pro-Gun Extremism,A coworker brings a gun into the repair shop where your traveler finds temporary work. An argument over a toolbox leaves the traveler with a bruised forearm and ringing ears.
Eliminate requirement that you inform police you have a gun during a traffic stop,ME Lower,Maine,Poirier,https://legiscan.com/ME/text/LD1049/2025,Pro-Gun Extremism,"During a traffic stop, a traveler does not mention the gun in the glove box, and the officer discovers it unexpectedly. The tense search leaves the traveler trembling and nauseated."
Eliminate waiting period,ME Lower,Maine,Chapman,https://legiscan.com/ME/text/LD1230/2025,Pro-Gun Extremism,A traveler buys a gun on impulse and takes it into the van before anyone can cool off. A quarrel over the weapon ends with a bloody cut and a ruined trip schedule.
Repeal Red Flag Laws,MI Lower,Michigan,DeSana,https://legiscan.com/MI/text/HB4139/2025,Pro-Gun Extremism,"A relative’s threats cannot trigger a red-flag order, so the family keeps moving from town to town. Exhaustion makes one traveler miss the turn toward the next safe motel."
Allow guns in schools,MI Lower,Michigan,Hoadley,https://legiscan.com/MI/text/HB4213/2025,Pro-Gun Extremism,"A school permits guns, and a fight breaks out near the entrance as your party passes through. A traveler is struck by flying glass while helping children escape."
Lower concealed carry age to 18,MI Lower,Michigan,Woolford,https://legiscan.com/MI/text/HB4586/id/3253971,Pro-Gun Extremism,"An eighteen-year-old traveler carries concealed into a busy bus station and reaches for it when startled. The resulting panic sends a traveler tumbling down steps, bruising their ribs."
Stand Your Ground,MN Upper,Minnesota,Eichorn,https://legiscan.com/MN/drafts/SF409/2025,Pro-Gun Extremism,A stranger at a fuel station draws a gun during an argument over the pump and claims the law protects them. A traveler ducks behind the van and bruises their shoulder on the bumper.
"Eliminate renewal requirements for pistol permits, making them lifetime grants",MN Upper,Minnesota,Green,https://legiscan.com/MN/text/SF438/2025,Pro-Gun Extremism,"A traveler’s pistol permit never needs renewal, even after years without practice. At a campsite, they mishandle the gun and burn their palm while unloading it."
Stand Your Ground,MN Upper,Minnesota,Draheim,https://legiscan.com/MN/text/SF1088/id/3102767,Pro-Gun Extremism,A stranger at a fuel station draws a gun during an argument over the pump and claims the law protects them. A traveler ducks behind the van and bruises their shoulder on the bumper.
Ban red flag laws,MO Lower,Missouri,Christensen,https://house.mo.gov/Bill.aspx?bill=HB459&year=2025&code=R,Pro-Gun Extremism,"A threatened neighbor keeps their gun after warnings because red-flag laws are banned. Hearing shots nearby leaves a traveler sleepless, jumpy, and clutching a stress headache."
Guns on public transportation,MO Lower,Missouri,Baker,https://legiscan.com/MO/text/HB1214/id/3104263,Pro-Gun Extremism,"A passenger’s concealed gun slips from a coat on a crowded train, and the sudden alarm stops the service. Your party waits on the platform while a traveler nurses a bruised knee."
Prevents HOAs from restricting gun use,MO Lower,Missouri,Seitz,https://legiscan.com/MO/text/HB1415/id/3138623,Pro-Gun Extremism,"An HOA cannot restrict guns, so a resident practices near the rental where your party is staying. A stray round breaks a window and cuts a traveler with glass."
Ban all red flag laws,MO Upper,Missouri,Schneltling,https://legiscan.com/MO/text/SB1459/id/3294066,Pro-Gun Extremism,A frightened family cannot get a red-flag intervention for a violent relative. Hearing shots nearby leaves one traveler trembling and unable to sleep in the van.
Bans merchants from using gun-related codes to track purchases,NC Lower,North Carolina,Pyrtle,https://legiscan.com/NC/text/H38/id/3095283,Pro-Gun Extremism,"A stolen gun purchase cannot be flagged by the merchant’s records, slowing the investigation. Your traveler develops a pounding headache and nausea while explaining the loss."
Eliminates licensing requirement to sell guns,NH Lower,New Hampshire,Granger,https://legiscan.com/NH/text/HB551/2025,Pro-Gun Extremism,"A roadside seller deals guns without a license or secure storage, and one weapon vanishes during your party’s visit. A traveler is struck in the scramble when the thief bolts."
Eliminates background check requirement for buying ammo,NY Lower,New York,Bailey,https://legiscan.com/NY/text/A5584/2025,Pro-Gun Extremism,"A prohibited buyer obtains ammunition without a background check and later confronts your party at a truck stop. A traveler dives aside, scraping their cheek and knees."
Legalize machine gun ammo,NY Upper,New York,Lanza,https://legiscan.com/NY/text/S7245/2025,Pro-Gun Extremism,"A traveler acquires powerful machine-gun ammunition from a casual vendor and fires it near camp. The noise stampedes nearby animals, and a fleeing traveler breaks an ankle."
Allow teens to buy guns,OH Upper,Ohio,Johnson,https://legiscan.com/OH/text/SB303/id/3274129,Pro-Gun Extremism,"A teen traveler buys a gun and leaves it in a backpack beside the sleeping bags. Another traveler opens the bag, triggering a frantic and injurious scramble."
Legalizes pointing a gun at people in more instances,OK Lower,Oklahoma,Steagall,https://legiscan.com/OK/text/HB2818/id/3080063,Pro-Gun Extremism,"A stranger points a gun at your party during a dispute over a parking space, certain the expanded rules protect the gesture. The traveler nearest the door has a panic attack and cannot stand."
Eliminate handgun training requirements,OK Lower,Oklahoma,Archer,https://legiscan.com/OK/drafts/HB3180/2026,Pro-Gun Extremism,A traveler skips handgun training under the relaxed rule and struggles when the weapon jams at camp. Their hurried handling causes a deep cut and leaves them limping.
Let people concealed carry at the state fair,OK Upper,Oklahoma,Jett,https://legiscan.com/OK/text/SB782/id/3082195,Pro-Gun Extremism,"At the state fair, concealed weapons mingle with the crowd, and one appears during a ride-line argument. Your party pushes through the gates while a traveler’s shoulder is bruised."
Makes it legal to point gun at another person in more scenarios,OK Upper,Oklahoma,Bergstrom,https://legiscan.com/OK/drafts/SB1281/2026,Pro-Gun Extremism,"A driver points a gun at your van after a merge, claiming the situation is permitted now. The shaken passenger vomits and develops a headache while the party pulls over."
Ban ballistic testing on firearms,OK Upper,Oklahoma,Jett,https://legiscan.com/OK/drafts/SB1707/2026,Pro-Gun Extremism,"After a shooting near the motel, investigators cannot use ballistic testing to connect the recovered gun to the scene. Your traveler remains there, trembling and unable to sleep after the gunfire."
Make AR-15 state gun,OK Upper,Oklahoma,Jett,https://legiscan.com/OK/drafts/SB1703/2026,Pro-Gun Extremism,"A parade celebrates the AR-15 as the state gun, and a traveler’s protest draws hostile attention. A thrown rock cuts the traveler’s forehead as the party retreats."
Ban on localities doing any restrictions on guns,PA Lower,Pennsylvania,Bashline,https://legiscan.com/PA/text/HB548/id/3114417,Pro-Gun Extremism,"A town cannot enforce its local gun restrictions, and a crowded street festival grows tense with visible weapons. Your party retreats through an alley, where one traveler falls hard."
Allow people to carry weapons into schools,SC Lower,South Carolina,Long,https://www.scstatehouse.gov/billsearch.php?billnumbers=3283&session=126&summary=B,Pro-Gun Extremism,"A school allows weapons inside, and an accidental discharge sends students and your party running. A traveler cuts their leg climbing over a toppled barrier."
Covering churches under Stand Your Ground Laws,SC Lower,South Carolina,Collins,https://www.scstatehouse.gov/billsearch.php?billnumbers=3440&session=126&summary=B,Pro-Gun Extremism,"A church parking-lot dispute escalates under stand-your-ground protections. A traveler crouches behind the van, bruising their knees and shaking until police arrive."
Let people bring guns to college football games,SC Lower,South Carolina,Gilreath,https://legiscan.com/SC/drafts/H5163/2026,Pro-Gun Extremism,"A college football game admits guns, and a shove in the concourse turns into a dangerous draw. Your party escapes through a service gate with a traveler’s ankle twisted."
Makes it illegal to ban renters from having guns,TN Lower,Tennessee,Reeves,https://legiscan.com/TN/text/HB469/2025,Pro-Gun Extremism,"A landlord must allow a tenant’s gun, and it is left unsecured beside the rental’s laundry room. A traveler reaches for a dropped towel, falls backward, and bruises their wrist."
Eases restrictions on people convicted of stalking and DV re: firearms,TN Lower,Tennessee,Todd,https://legiscan.com/TN/bill/HB2064/2025,Pro-Gun Extremism,"A traveler fleeing a former stalker learns the person can regain firearm access more easily. The party changes hotels repeatedly, while the traveler loses sleep and develops a constant stomachache."
Bans state from coordinating with ATF,TX Lower,Texas,Cain,https://legiscan.com/TX/text/HB3591/id/3149759,Pro-Gun Extremism,"State officers cannot coordinate with federal agents after a gun theft at the truck stop. A traveler waits in the cold for hours, developing numb fingers and a cough."
Make it easier for nonresidents to get guns,VA Upper,Virginia,Diggs,https://legiscan.com/VA/bill/SB849/2025,Pro-Gun Extremism,"A nonresident traveler buys a gun with little scrutiny and stores it under the passenger seat. It slides forward under braking, causing a crash that injures a passenger."
Eliminates concealed license requirements,WI Upper,Wisconsin,Jacque,https://legiscan.com/WI/text/SB607/id/3282728,Pro-Gun Extremism,A traveler carries a concealed pistol without a license and forgets it is loaded while unpacking. The discharge damages the van and leaves the traveler bleeding.
Repeal state machine gun ban,WV Lower,West Virginia,Horst,https://legiscan.com/WV/text/HB2959/id/3141612,Pro-Gun Extremism,"A traveler buys a machine gun from a roadside enthusiast and tests it too close to camp. The burst sends everyone running, and a ricochet grazes a traveler’s calf."
Make it easier for criminals to get guns,WV Lower,West Virginia,Crouse,https://legiscan.com/WV/text/HB3219/2025,Pro-Gun Extremism,A dealer overlooks warning signs when selling a gun to a known violent traveler. An argument at the next motel leaves one party member with a bruised cheek and ringing ears.
Repeals Machine Gun Ban,WV Lower,West Virginia,Horst,https://legiscan.com/WV/sponsors/HB4185/2026,Pro-Gun Extremism,"A machine gun enters the local market after the ban is repealed, and a reckless demonstration rattles the roadside campground. The blast leaves a traveler’s ears ringing and sleep impossible."
Disband ATF and FBI,WV Lower,West Virginia,Ridenour,https://legiscan.com/WV/text/HCR5/2026,Pro-Gun Extremism,"With the federal gun office closed, a stolen weapon report sits unanswered. The traveler who reported it remains sleepless and jumpy, flinching at every knock."
Ban enforcement of federal gun laws,WV Lower,West Virginia,Anders,https://legiscan.com/WV/drafts/HB4921/2026,Pro-Gun Extremism,A threatening gun owner knows federal rules will not be enforced and confronts your party at a fuel station. A traveler ducks away with a bruised shoulder and a racing pulse.
Make it harder to get red flag orders,WV Lower,West Virginia,Anders,https://legiscan.com/WV/drafts/HB4923/2026,Pro-Gun Extremism,A judge demands extensive proof before issuing a red-flag order against a violent relative. The waiting traveler develops insomnia and a stomachache from constant dread.
Let teens have guns,WV Lower,West Virginia,Coop-Gonzalez,https://legiscan.com/WV/drafts/HB5372/2026,Pro-Gun Extremism,"A young traveler is handed a gun at a roadside gathering and tries to impress everyone. The weapon slips, injuring their foot and ending the day’s drive."
Let 18 year olds concealed carry,WV Upper,West Virginia,Rose,https://legiscan.com/WV/sponsors/SB30/2026,Pro-Gun Extremism,An eighteen-year-old traveler concealed-carries into a crowded café and reaches for the weapon when a tray crashes. The panic sends another traveler into a table.
Make it a crime to take a criminal's gun,WY Lower,Wyoming,Haroldson,https://legiscan.com/WY/drafts/HB98/2026,Pro-Gun Extremism,"A shopkeeper hesitates to take a gun from a robber because the new rule threatens punishment for disarming criminals. The robber strikes a traveler in the scramble, leaving a swollen eye."
Ban on removing Confederate memorials,FL Lower,Florida,Black,https://legiscan.com/FL/text/H1599/id/3148623,Anti-Patriotism,"Your party stops beside a Confederate monument, where locals block the road to prevent its removal. The confrontation leaves a traveler shoved against the van and delays departure."
Onerous penalties for removing Confederate monuments,GA Upper,Georgia,Williams,https://legiscan.com/GA/text/SB301/2025,Anti-Patriotism,A town worker faces severe penalties for moving a monument that blocks the only bridge approach. The tense queue brings on a traveler’s migraine and dizziness.
Require the state fly the Confederate Flag,MO Lower,Missouri,Nolte,https://legiscan.com/MO/drafts/HB3190/2026,Anti-Patriotism,"A state building flies a Confederate flag over its traveler services desk, and one member refuses to enter. The distress leaves that traveler nauseated and shaking outside."
Puts a bounty on anyone who moves a Confederate monument,MS Lower,Mississippi,Hobgood-Wilkes,https://legiscan.com/MS/text/HB1487/id/3071197,Anti-Patriotism,"A bounty notice targets anyone who moves a Confederate monument, and an angry crowd mistakes your traveler’s roadside cleanup for vandalism. A thrown stone bruises the traveler’s ribs."
Puts a bounty on anyone who moves a Confederate monument,MS Upper,Mississippi,Burks Hill,https://legiscan.com/MS/drafts/SB2295/2025,Anti-Patriotism,"A bounty notice targets anyone who moves a Confederate monument, and an angry crowd mistakes your traveler’s roadside cleanup for vandalism. A thrown stone bruises the traveler’s ribs."
Making a new Confederate monument to enslaved soldiers,SC Lower,South Carolina,Chumley,https://www.scstatehouse.gov/billsearch.php?billnumbers=3324&session=126&summary=B,Anti-Patriotism,"A new monument is raised over a contested memorial site, blocking the town’s bus shelter. Your party waits in rain, and a traveler’s asthma flares."
Protecting Confederate War Monuments,VA Lower,Virginia,Williams,https://legiscan.com/VA/bill/HB1884/2025,Anti-Patriotism,"A protected war monument forces a detour around a closed plaza. The extra walking leaves a traveler dehydrated, dizzy, and suffering a pounding headache."
Bans removing Confederate Monuments,VA Upper,Virginia,Sturtevant,https://legiscan.com/VA/text/SB1429/id/3067291,Anti-Patriotism,"Workers cannot remove a monument that has become a gathering point for hecklers. A traveler is harassed while passing and later shakes with anxiety, unable to sleep."
Encouraging women to get pregnant using rhythm method BS,AR Lower,Arkansas,Brown,https://arkleg.state.ar.us/Home/FTPDocument?path=%2FBills%2F2025R%2FPublic%2FHB1142.pdf,Quack Medicine,"A roadside fertility adviser tells a couple to rely on the rhythm method and dismisses their concerns. Later in the journey, one traveler has nausea and cramps while an untreated concern goes unexamined."
Lets people use ivermectin over the counter,AR Upper,Arkansas,Clark,https://legiscan.com/AR/drafts/SB189/2025,Quack Medicine,"A feverish traveler buys over-the-counter ivermectin from a drugstore instead of seeking the treatment the clinic recommended. Their symptoms worsen, forcing a long detour for medical care."
Expand scope of homeopathic physicians,CT Lower,Connecticut,Hoxha,https://legiscan.com/CT/text/HB06598/id/3076332,Quack Medicine,A homeopathic practitioner claims broad authority and treats a traveler’s serious infection with diluted drops. The untreated illness spreads before the party reaches a proper clinic.
Functionally bans ADHD patients from receiving Ritalin,CT Upper,Connecticut,Sampson,https://legiscan.com/CT/text/SB00150/id/3042123,Quack Medicine,"A traveler with ADHD cannot refill their usual medication because the new restrictions leave the pharmacy unable to dispense it. Their focus deteriorates on the highway, nearly causing a collision."
Allowing naturopaths to be primary care providers,CT Upper,Connecticut,Sampson,https://legiscan.com/CT/text/SB00246/id/3042087,Quack Medicine,A naturopath becomes the party’s first-contact provider and dismisses a traveler’s crushing chest pain as fatigue. The delayed diagnosis sends everyone racing toward an emergency room.
Legalizing naturopathic medicine,FL Lower,Florida,Smith,https://legiscan.com/FL/text/H0533/id/3113077,Quack Medicine,"A naturopathic clinic promises to manage every ailment in the van and postpones a traveler’s needed antibiotics. By the next town, the infection has become painful and difficult to treat."
Allow chiropractors to dispense BS cures,FL Lower,Florida,Tramont,https://legiscan.com/FL/text/H0849/id/3133183,Quack Medicine,A chiropractor sells a traveler an expensive vial as a cure for dehydration and tells them to skip urgent care. The traveler collapses beside the van before the party finds a clinic.
Ivermectin OTC,FL Lower,Florida,Holcomb,https://legiscan.com/FL/drafts/H0029/2026,Quack Medicine,A sick traveler buys ivermectin without a prescription and takes it instead of the medicine the urgent-care nurse advised. Nausea and worsening illness force the party off the road.
Deregulate chiropractors,FL Lower,Florida,Cobb,https://legiscan.com/FL/bill/HB439/2026,Quack Medicine,A loosely regulated chiropractor manipulates a traveler’s injured neck and sends them away dizzy. The party stops driving while the traveler’s headache and balance problems worsen.
Lets chiropractors prescribe fake cures,FL Upper,Florida,Gruters,https://legiscan.com/FL/text/S0564/id/3110420,Quack Medicine,"A chiropractor prescribes a supposed cure for a traveler’s infection, delaying a real prescription. The fever climbs during the night, leaving the traveler weak, sweaty, and confused."
Allows chiropractors to hold more than $1500 in trust for patients,FL Upper,Florida,Martin,https://legiscan.com/FL/text/SB192/2026,Quack Medicine,"A chiropractor holds a traveler’s payment in a poorly protected trust account, and the account vanishes when the office closes. The shock brings insomnia and a stress headache that night."
Ivermectin instead of vaccines,FL Upper,Florida,Yarborough,https://legiscan.com/FL/drafts/SB1756/2026,Quack Medicine,"A traveler chooses ivermectin over a recommended vaccine before the trip, then falls ill at a crowded stop. Fever, chills, and weakness spread through the traveler while the party isolates."
Repeal COVID-19 testing requirements in long term care facilities,GA Lower,Georgia,LaHood,https://legiscan.com/GA/text/HB645/2025,Quack Medicine,"A long-term care home drops routine COVID testing, and a traveler visits an elderly relative there. The traveler brings a respiratory illness back to the van, slowing the journey."
Ivermectin OTC,GA Lower,Georgia,Mathiak,https://legiscan.com/GA/bill/HB1089/2026,Quack Medicine,A sick traveler buys ivermectin without a prescription and takes it instead of the medicine the urgent-care nurse advised. Nausea and worsening illness force the party off the road.
Require Medicaid to cover ketamine,HI Upper,Hawaii,Fevella,https://legiscan.com/HI/text/SB967/2025,Quack Medicine,A clinic offers ketamine through Medicaid for a traveler’s depression but provides little follow-up on the road. A disorienting reaction leaves the party parked until it passes.
Exempt supplements from sales tax,IA Lower,Iowa,Ways and Means Committee,https://legiscan.com/IA/text/HF1021/2025,Quack Medicine,"A traveler stocks up on tax-free supplements after a clerk promises they will prevent illness. A supplement upsets their stomach, leaving them cramping and dehydrated beside the van."
Make ivermectin available OTC,ID Lower,Idaho,Redman,https://legiscan.com/ID/text/HB446/2025,Quack Medicine,"Ivermectin is displayed beside ordinary cold medicine, and a traveler chooses it for a worsening fever. The fever spikes, leaving the traveler weak and delirious beside the van."
Let chiropractors prescribe drugs,ID Upper,Idaho,Senate Health Committee,https://legiscan.com/ID/drafts/S1254/2026,Quack Medicine,A chiropractor prescribes medication for a traveler’s painful infection without coordinating with a pharmacist. The wrong treatment causes a reaction that strands the party overnight.
Allows for naturopathic doctors to get the same privileges as real doctors,IN Upper,Indiana,Goode,https://legiscan.com/IN/text/SB387/2025q,Quack Medicine,A naturopath receives privileges equal to a physician and reassures a traveler that severe abdominal pain is harmless. The party reaches surgery only after the condition becomes urgent.
Licenses naturopathic doctors,KS Lower,Kansas,Committee on Health and Human Services,https://legiscan.com/KS/text/HB2367/id/3108759,Quack Medicine,"A newly licensed naturopath takes charge of a traveler’s care and overlooks signs of appendicitis. The pain becomes severe overnight, leaving the traveler curled up, vomiting, and feverish."
Make ivermectin available OTC,KY Lower,Kentucky,Roberts,https://legiscan.com/KY/drafts/HB668/2025,Quack Medicine,"Ivermectin is displayed beside ordinary cold medicine, and a traveler chooses it for a worsening fever. The fever spikes, leaving the traveler weak and delirious beside the van."
Make ivermectin available OTC,LA Upper,Louisiana,Fesi,https://legiscan.com/LA/text/SB19/2025,Quack Medicine,"Ivermectin is displayed beside ordinary cold medicine, and a traveler chooses it for a worsening fever. The fever spikes, leaving the traveler weak and delirious beside the van."
Makes ivermectin available OTC,ME Upper,Maine,Haggan,https://legiscan.com/ME/text/LD890/2025,Quack Medicine,A traveler buys ivermectin at a counter and delays the antiviral treatment offered by the clinic. Their illness deepens while the party searches for a hospital with space.
OTC Ivermectin,MI Lower,Michigan,Lightner,https://legiscan.com/MI/text/HB4837/2025,Quack Medicine,"A store clerk recommends over-the-counter ivermectin for a traveler’s cough. The traveler worsens overnight, and the party spends its next day in an emergency department."
Make ivermectin and hydroxychloroquine available OTC,MN Upper,Minnesota,Mathews,https://legiscan.com/MN/text/SF2898/2025,Quack Medicine,"A traveler combines ivermectin and hydroxychloroquine from a shelf, hoping to head off illness. Palpitations send the party racing to urgent care and cancel its planned crossing."
Exempt supplements from sales tax,MN Upper,Minnesota,Koran,https://legiscan.com/MN/text/SF3394/2025,Quack Medicine,"A traveler stocks up on tax-free supplements after a clerk promises they will prevent illness. A supplement upsets their stomach, leaving them cramping and dehydrated beside the van."
Promotes restorative reproductive medicine,MN Upper,Minnesota,Coleman,https://legiscan.com/MN/drafts/SF4166/2026,Quack Medicine,A fertility adviser urges a couple to follow restorative reproductive medicine while ignoring a treatable condition. One traveler develops worsening pelvic pain and anxiety during the journey.
Make ivermectin and hydroxychloroquine available OTC,MO Lower,Missouri,Jones,https://legiscan.com/MO/text/HB1448/id/3142403,Quack Medicine,"A traveler combines ivermectin and hydroxychloroquine from a shelf, hoping to head off illness. Palpitations send the party racing to urgent care and cancel its planned crossing."
Ivermectin OTC,MO Lower,Missouri,Hardwick,https://legiscan.com/MO/drafts/HB2594/2026,Quack Medicine,A sick traveler buys ivermectin without a prescription and takes it instead of the medicine the urgent-care nurse advised. Nausea and worsening illness force the party off the road.
Makes hydroxycholorquine/ivermectin available OTC,MO Upper,Missouri,Schroer,https://legiscan.com/MO/drafts/SB744/2025,Quack Medicine,A traveler substitutes hydroxychloroquine and ivermectin for the treatment prescribed at a clinic. Side effects and continued illness force the van into a long medical detour.
Ivermectin OTC,MS Lower,Mississippi,Crawford,https://legiscan.com/MS/text/HB1182/2026,Quack Medicine,A sick traveler buys ivermectin without a prescription and takes it instead of the medicine the urgent-care nurse advised. Nausea and worsening illness force the party off the road.
Ivermectin OTC,MS Upper,Mississippi,Potts Parks,https://legiscan.com/MS/text/SB2541/2026,Quack Medicine,A sick traveler buys ivermectin without a prescription and takes it instead of the medicine the urgent-care nurse advised. Nausea and worsening illness force the party off the road.
Eliminate requirements for chiropractors,NC Lower,North Carolina,Setzer,https://legiscan.com/NC/text/HB702/2025,Quack Medicine,"A chiropractor with few training requirements treats a traveler’s severe back injury aggressively. The pain spikes, leaving the traveler unable to bend or lift supplies."
Loosen regulations on chiropractors,NC Upper,North Carolina,Hise,https://legiscan.com/NC/text/SB405/2025,Quack Medicine,"A lightly regulated chiropractor promises to realign a traveler’s broken wrist instead of splinting it. The wrist heals poorly, making steering and loading supplies difficult."
Legalize OTC ivermectin,ND Upper,North Dakota,Van Oosting,https://legiscan.com/ND/text/SB2388/id/3084237,Quack Medicine,A traveler buys ivermectin on a clerk’s confident recommendation and skips the clinic’s effective treatment. Their worsening symptoms keep the van parked through a valuable travel day.
Cover chiropractors under Medicaid,OK Upper,Oklahoma,Coleman,https://legiscan.com/OK/drafts/SB0441/2025,Quack Medicine,"Medicaid covers a chiropractor’s visits, so a traveler follows repeated adjustments for numbness rather than seeing a neurologist. The delay leaves the traveler weak and the party worried."
Making ivermectin and hydroxychloroquine available OTC,OK Upper,Oklahoma,Jett,https://legiscan.com/OK/text/SB426/id/3080177,Quack Medicine,A drugstore shelf offers hydroxychloroquine and ivermectin as easy answers to a traveler’s fever. The chosen pills cause troubling side effects before the party reaches a doctor.
Ivermectin OTC,OK Upper,Oklahoma,Murdock,https://legiscan.com/OK/drafts/SB2014/2026,Quack Medicine,A sick traveler buys ivermectin without a prescription and takes it instead of the medicine the urgent-care nurse advised. Nausea and worsening illness force the party off the road.
Encourage couples with fertility methods to use methods that don't work,OK Upper,Oklahoma,McIntosh,https://legiscan.com/OK/drafts/SB1941/2026,Quack Medicine,"A couple follows a fertility method praised at a roadside seminar and ignores the clinician’s evidence-based advice. Later, one traveler has cramps and nausea while worrying that a treatable problem was missed."
Ivermectin OTC,OK Upper,Oklahoma,Jett,https://legiscan.com/OK/drafts/SB1907/2026,Quack Medicine,A sick traveler buys ivermectin without a prescription and takes it instead of the medicine the urgent-care nurse advised. Nausea and worsening illness force the party off the road.
Make ivermectin available OTC,PA Lower,Pennsylvania,Banta,https://legiscan.com/PA/drafts/HB1494/2025,Quack Medicine,"Ivermectin is displayed beside ordinary cold medicine, and a traveler chooses it for a worsening fever. The fever spikes, leaving the traveler weak and delirious beside the van."
Making ivermectin and hydroxychloroquine available OTC,SC Lower,South Carolina,Cromer,https://legiscan.com/SC/drafts/H3916/2025,Quack Medicine,A drugstore shelf offers hydroxychloroquine and ivermectin as easy answers to a traveler’s fever. The chosen pills cause troubling side effects before the party reaches a doctor.
Making hydroxychloroquine and ivermectin available OTC,SC Lower,South Carolina,Cromer,https://legiscan.com/SC/drafts/HB3916/2025,Quack Medicine,A traveler buys hydroxychloroquine and ivermectin over the counter for a suspected infection. A bad reaction leaves them vomiting while the party searches for a safe place to stop.
Makes ivermectin available over the counter,SC Lower,South Carolina,Kilmartin,https://legiscan.com/SC/text/HB4042/2025,Quack Medicine,A traveler treats a persistent cough with over-the-counter ivermectin and postpones an examination. The untreated illness worsens until the van must turn toward a hospital.
Allowing chiropractors to be reimbursed at the same rate as actual doctors,TN Lower,Tennessee,Cepicky,https://wapp.capitol.tn.gov/apps/Billinfo/default.aspx?BillNumber=HB0029&ga=114,Quack Medicine,"A chiropractor receives the same reimbursement as a physician and becomes the easiest appointment to find. The traveler’s serious symptoms are treated with adjustments, delaying proper diagnosis."
Requires chiropractors to be reimbursed at the same rate as real doctors,TN Upper,Tennessee,Taylor,https://legiscan.com/TN/drafts/SB225/2025,Quack Medicine,"A traveler’s back locks up after lifting a cooler, but the only nearby clinic pushes a costly chiropractic adjustment reimbursed like a physician visit; the untreated nerve pain leaves them unable to sit upright for the next leg."
Make it easier for unlicensed chiropractors to practice,TX Lower,Texas,Cain,https://capitol.texas.gov/BillLookup/History.aspx?LegSess=89R&Bill=HB1642,Quack Medicine,"An unlicensed chiropractor in a roadside strip mall twists a traveler’s neck after a minor crash, and the worsening dizziness and arm tingling force the van to stop while the injured traveler struggles to walk."
Make ivermectin available OTC,TX Lower,Texas,Shofner,https://legiscan.com/TX/drafts/HB3219/2025,Quack Medicine,"Ivermectin is displayed beside ordinary cold medicine, and a traveler chooses it for a worsening fever. The fever spikes, leaving the traveler weak and delirious beside the van."
Praising doctor who uses ivermectin to treat COVID-19,TX Lower,Texas,Toth,https://legiscan.com/TX/text/HR1138/2025,Quack Medicine,A feverish traveler buys ivermectin from a doctor praised on the radio instead of seeking effective COVID care; the illness deepens into breathlessness and confusion in the crowded van.
Legalize hydroxychloroquine prescriptions for COVID-19,TX Upper,Texas,Paxton,https://legiscan.com/TX/text/SB883/id/3074951,Quack Medicine,A traveler with COVID follows a newly legal hydroxychloroquine prescription and delays proven treatment; pounding palpitations and weakness make even climbing out of the van difficult.
Protecting doctors who peddled quack cures to COVID,TX Upper,Texas,Hall,https://legiscan.com/TX/text/SB2422/id/3172792,Quack Medicine,A roadside clinician protected after selling miracle COVID cures persuades a sick traveler to skip urgent care; worsening pneumonia leaves them gasping under a blanket while the others search for help.
Allow ivermectin prescriptions,TX Upper,Texas,Hall,https://legiscan.com/TX/text/SB69/2025x,Quack Medicine,"A traveler spends the afternoon chasing an ivermectin prescription for a respiratory infection, and the delay lets the illness worsen into dehydration and labored breathing before the van reaches a hospital."
Ivermectin OTC,UT Lower,Utah,Lee,https://legiscan.com/UT/drafts/HB96/2026,Quack Medicine,A sick traveler buys ivermectin without a prescription and takes it instead of the medicine the urgent-care nurse advised. Nausea and worsening illness force the party off the road.
Ivermectin OTC,UT Lower,Utah,Lee,https://legiscan.com/UT/drafts/HB96/2026,Quack Medicine,A sick traveler buys ivermectin without a prescription and takes it instead of the medicine the urgent-care nurse advised. Nausea and worsening illness force the party off the road.
Make ivermectin available OTC,WV Lower,West Virginia,Anders,https://legiscan.com/WV/drafts/HB2938/2025,Quack Medicine,"Ivermectin is displayed beside ordinary cold medicine, and a traveler chooses it for a worsening fever. The fever spikes, leaving the traveler weak and delirious beside the van."
Ban on requiring COVID vaccine,WV Lower,West Virginia,Brooks,https://legiscan.com/WV/text/HB4510/2026,Quack Medicine,"A shelter drops its COVID-vaccine requirement, and an unvaccinated traveler catches the virus among the crowded bunks. Fever and delirium follow in the van’s cramped sleeping quarters."
Ivermectin OTC,WV Lower,West Virginia,Crouse,https://legiscan.com/WV/drafts/HB5592/2025,Quack Medicine,A sick traveler buys ivermectin without a prescription and takes it instead of the medicine the urgent-care nurse advised. Nausea and worsening illness force the party off the road.
Ivermectin OTC,WV Lower,West Virginia,Anders,https://legiscan.com/WV/drafts/HB5593/2025,Quack Medicine,A sick traveler buys ivermectin without a prescription and takes it instead of the medicine the urgent-care nurse advised. Nausea and worsening illness force the party off the road.
Make ivermectin available OTC,WV Upper,West Virginia,Puertas Rucker,https://legiscan.com/WV/drafts/SB614/2025,Quack Medicine,"Ivermectin is displayed beside ordinary cold medicine, and a traveler chooses it for a worsening fever. The fever spikes, leaving the traveler weak and delirious beside the van."
Ivermectin OTC,WV Upper,West Virginia,Rucker,https://legiscan.com/WV/sponsors/SB42/2026,Quack Medicine,A sick traveler buys ivermectin without a prescription and takes it instead of the medicine the urgent-care nurse advised. Nausea and worsening illness force the party off the road.
Ivermectin OTC,WV Upper,West Virginia,Rose,https://legiscan.com/WV/text/SB477/2026,Quack Medicine,A sick traveler buys ivermectin without a prescription and takes it instead of the medicine the urgent-care nurse advised. Nausea and worsening illness force the party off the road.
Ivermectin OTC,WY Lower,Wyoming,Allemand,https://legiscan.com/WY/drafts/HB13/2026,Quack Medicine,A sick traveler buys ivermectin without a prescription and takes it instead of the medicine the urgent-care nurse advised. Nausea and worsening illness force the party off the road.
Ban on solar installations for a year,AL Upper,Alabama,Albritton,https://legiscan.com/AL/drafts/SB354/2026,Increasing Electricity Costs,"A planned solar project is shelved for a year, leaving the next town dependent on an aging grid during a heat wave; the van’s motel room loses air-conditioning and a traveler becomes faint and overheated."
Additional regulations on solar farms,AL Upper,Alabama,Albritton,https://legiscan.com/AL/drafts/SB358/2026,Increasing Electricity Costs,"Extra solar-farm rules stall a replacement array just as a heat wave strains the grid. Rolling outages spoil the town’s food, and a traveler vomits after eating a bad sandwich."
Limiting heights for wind power,AR Lower,Arkansas,Moore,https://legiscan.com/AR/text/HB1198/id/3072085,Increasing Electricity Costs,"Height limits make a wind project too weak to finance, so the region burns more expensive fuel during a cold snap; a motel loses heat and a traveler develops shaking hypothermia waiting in the van."
Ban on renewable energy sited near homes,AZ Lower,Arizona,Marshall,https://legiscan.com/AZ/drafts/HB2267/2026,Increasing Electricity Costs,"A renewable project is pushed away from homes and never gets built, tightening the local grid during a summer peak; a blackout shuts the motel’s cooling and a traveler suffers heat exhaustion."
Renewable Energy Red Tape,AZ Lower,Arizona,Carter,https://legiscan.com/AZ/drafts/HB2781/2026,Increasing Electricity Costs,"Renewable permits crawl through another office while an old plant falters; high power prices force a roadside shelter to close its kitchen, and a traveler goes hungry and weak after rationing snacks."
Renewable Energy Red Tape,AZ Lower,Arizona,Heap,https://legiscan.com/AZ/drafts/HB2337/2026,Increasing Electricity Costs,"Renewable permits crawl through another office while an old plant falters; high power prices force a roadside shelter to close its kitchen, and a traveler goes hungry and weak after rationing snacks."
Licensure for renewable energy,AZ Lower,Arizona,Heap,https://legiscan.com/AZ/drafts/HB2339/2026,Increasing Electricity Costs,"New licensing delays a small solar installation that would have steadied a remote clinic; an outage disables its refrigerated medicines, and a traveler’s untreated infection swells painfully."
Requires local bureaucrats to approve solar panels,CT Lower,Connecticut,Hall,https://legiscan.com/CT/text/HB5193/2025,Increasing Electricity Costs,"Local approval for rooftop panels arrives too late to offset a grid shortfall. A blackout shuts the motel’s cooling, and a traveler becomes dizzy and disoriented in the stifling room."
Adds layer of red tape for solar projects,CT Lower,Connecticut,Stewart,https://legiscan.com/CT/text/HB05928/id/3069833,Increasing Electricity Costs,"A developer abandons a solar project after another layer of paperwork, leaving the town exposed to a gas-plant outage; the dark, unheated shelter sends a traveler into a coughing, shivering night."
Allows local bureaucrats to ban solar farms,CT Upper,Connecticut,Kissel,https://legiscan.com/CT/drafts/SB98/2025,Increasing Electricity Costs,"County officials block a solar farm that would have added summer capacity; electricity prices spike and the motel turns off its freezer, while a traveler develops stomach cramps from spoiled food."
Increased red tape for solar,FL Upper,Florida,Bradley,https://legiscan.com/FL/text/SB200/2026,Increasing Electricity Costs,"Repeated solar red tape delays new capacity as demand surges; a power cut strands the travelers without a working fan, and one suffers a throbbing heat headache and nausea."
Praising Iran invasion,GA Lower,Georgia,Momtahan,https://legiscan.com/GA/drafts/HR1662/2026,Increasing Electricity Costs,"A rally praising an invasion closes the main street, trapping the van beneath loud fireworks and idling traffic. One traveler panics, develops ringing ears, and nearly faints in the heat."
Increasing requirements for wind farms,IA Lower,Iowa,Thomson,https://legiscan.com/IA/drafts/HF2446/2025,Increasing Electricity Costs,"Wind-farm requirements force a promising project back to the drawing board; a later grid shortage shuts refrigeration at the only grocery, and a traveler falls ill after eating spoiled deli food."
Tightening siting requirements for renewable energy,IA Lower,Iowa,House Commerce,https://legiscan.com/IA/sponsors/HF2580/2026,Increasing Electricity Costs,"Tight siting rules leave a windy ridge unused and the local grid short on clean power; a winter outage freezes the motel pipes, and a traveler strains a shoulder hauling water in the cold."
Increasing requirements for wind farms,IA Upper,Iowa,Senate Commerce,https://legiscan.com/IA/drafts/SSB3178/2025,Increasing Electricity Costs,"Wind-farm requirements force a promising project back to the drawing board; a later grid shortage shuts refrigeration at the only grocery, and a traveler falls ill after eating spoiled deli food."
Renewable energy red tape,IL Lower,Illinois,Miller,https://legiscan.com/IL/bill/HB1163/2025,Increasing Electricity Costs,"Renewable red tape postpones a battery-backed solar build; a grid failure leaves the highway rest area dark and its water pump idle, and a traveler becomes dehydrated."
Renewable energy red tape,IL Lower,Illinois,Miller,https://legiscan.com/IL/bill/HB1164/2025,Increasing Electricity Costs,"Renewable red tape postpones a battery-backed solar build; a grid failure leaves the highway rest area dark and its water pump idle, and a traveler becomes dehydrated."
Allows local bureaucrats to ban renewable energy,IL Lower,Illinois,Bunting,https://legiscan.com/IL/bill/HB1201/2025,Increasing Electricity Costs,"Local officials block renewable capacity during a hot spell, pushing prices up and triggering an outage. The public shelter loses cooling, and a traveler develops heat cramps and confusion."
Lets local bureaucrats stifle renewable energy projects,IL Upper,Illinois,Turner,https://legiscan.com/IL/text/SB38/2025,Increasing Electricity Costs,"A bureaucratic veto kills a wind-and-solar proposal, leaving the town reliant on a failing generator; smoke fills the shelter and a traveler wheezes through an asthma attack."
Imposing regulations on renewable energy,IL Upper,Illinois,Balkema,https://legiscan.com/IL/drafts/SB1276/2025,Increasing Electricity Costs,"New regulations stall a renewable project before construction; a later cold snap overwhelms the remaining generators, and a traveler’s fingers turn numb while sleeping without heat."
Renewable energy red tape,IN Upper,Indiana,Brown,https://legiscan.com/IN/drafts/SB54/2026,Increasing Electricity Costs,"Renewable red tape postpones a battery-backed solar build; a grid failure leaves the highway rest area dark and its water pump idle, and a traveler becomes dehydrated."
Renewable energy red tape,KS Lower,Kansas,House Judiciary,https://legiscan.com/KS/drafts/HB2300/2025,Increasing Electricity Costs,"Renewable red tape postpones a battery-backed solar build; a grid failure leaves the highway rest area dark and its water pump idle, and a traveler becomes dehydrated."
Increased setback/decommissioning requirements,KS Lower,Kansas,House Energy,https://legiscan.com/KS/drafts/HB2636/2026,Increasing Electricity Costs,"Expanded setbacks and decommissioning costs make a wind project collapse; the resulting power shortage closes the town’s warming center, leaving a traveler shivering and exhausted."
Requires local bureaucrats approve renewable energy,KS Upper,Kansas,Senate State & Federal Affairs,https://legiscan.com/KS/drafts/SB173/2025,Increasing Electricity Costs,"A local approval queue holds up solar panels for a clinic; during an outage the clinic cannot run its elevator, and a traveler with a painful leg injury must climb stairs and worsens the swelling."
Excise tax on renewables,KS Upper,Kansas,Senate Taxation,https://legiscan.com/KS/drafts/SB534/2026,Increasing Electricity Costs,"An excise tax makes a renewable project uneconomic, so the town keeps an aging coal unit online; soot-heavy air triggers a traveler’s coughing fit and chest tightness."
Red tape on solar energy,KY Lower,Kentucky,Hart,https://legiscan.com/KY/drafts/HB828/2026,Increasing Electricity Costs,"Solar paperwork delays a microgrid at the county shelter; when the utility fails, the shelter loses lights and refrigeration, and a traveler’s insulin warms while their blood sugar climbs."
Adds additional solar energy fees,LA Lower,Louisiana,Coates,https://legiscan.com/LA/drafts/HB621/2026,Increasing Electricity Costs,"Additional solar fees push a community array past its budget; high utility bills close the public kitchen, and a traveler goes to bed hungry with a splitting headache."
Making it harder to get government approvals for solar energy,MD Lower,Maryland,Ghrist,https://legiscan.com/MD/text/HB742/id/3085331,Increasing Electricity Costs,"Government approval for a solar farm drags through another season; a summer outage shuts the motel’s air-conditioning, and a traveler becomes nauseated and weak from the heat."
Solar energy red tape,MN Lower,Minnesota,Murphy,https://legiscan.com/MN/text/HF1852/id/3150240,Increasing Electricity Costs,"Solar red tape leaves a remote town dependent on one aging transmission line; its failure cuts water pumps, and a traveler develops a dry mouth and pounding pulse while rationing water."
Wind energy red tape,MN Lower,Minnesota,Burkel,https://legiscan.com/MN/drafts/HF1859/2025,Increasing Electricity Costs,"Wind permits stall a project that would have supplied the mountain corridor; a cold-weather outage leaves the van’s occupants huddled in coats, and one traveler’s lips turn blue with hypothermia."
Require additional permitting for solar projects,MO Lower,Missouri,Pollitt,https://legiscan.com/MO/sponsors/HB2980/2026,Increasing Electricity Costs,"An added solar permit sends the installer away, so the town buys costly emergency power; the shelter cuts meal service and a traveler grows shaky and faint from hunger."
Increased requirements on wind farms,MS Upper,Mississippi,Carter,https://legiscan.com/MS/drafts/SB2057/2026,Increasing Electricity Costs,"Higher wind-farm requirements cancel a planned build. Peak demand later brings a blackout that shuts the motel’s air-conditioning, and a feverish traveler grows weak and breathless in the stale room."
Increases red tape on renewable energy projects,NE,Nebraska,Hardin,https://legiscan.com/NE/text/LB121/2025,Increasing Electricity Costs,"Renewable projects pile up in review while the grid ages; a transformer failure closes the grocery’s refrigeration, and a traveler suffers vomiting after an improvised meal spoils."
Increasing open meeting requirements for renewable energy,NE,Nebraska,Lonowski,https://legiscan.com/NE/drafts/LB898/2025,Increasing Electricity Costs,"Open-meeting requirements stretch a solar approval across months; the town’s backup generator runs short during a storm, leaving a traveler cold, wet, and trembling at the library shelter."
Requires local bureaucrats to approve renewable energy projects,NY Lower,New York,Slater,https://legiscan.com/NY/drafts/A4804/2025,Increasing Electricity Costs,"Local bureaucrats postpone a renewable project until the developer leaves; a later heat emergency shuts the motel’s cooling, and a traveler becomes confused and unsteady."
Allows religious exemption to clean energy mandates,NY Lower,New York,Brabenec,https://legiscan.com/NY/text/A5526/2025,Increasing Electricity Costs,"A religious exemption shrinks compliance with clean-energy rules and delays a grid upgrade. A heat-wave outage shuts the library shelter’s cooling, and a traveler sweats until they faint."
Unnecessary regulations on solar panels,NY Upper,New York,O'Mara,https://legiscan.com/NY/text/S01502/id/3047144,Increasing Electricity Costs,"Unnecessary panel regulations stop a rooftop installation at the rest area; the next outage disables its water cooler, and a traveler develops a dehydration headache."
Bans renewable energy,NY Upper,New York,Borrello,https://legiscan.com/NY/sponsors/S3423/2025,Increasing Electricity Costs,"A renewable-energy ban forces the region onto costly, unreliable generators; a winter failure leaves the shelter unheated, and a traveler’s hands go numb and painful."
Imposes layers of red tape on renewable energy projects,NY Upper,New York,Mattei,https://legiscan.com/NY/sponsors/S4054/2025,Increasing Electricity Costs,"Layers of renewable red tape prevent a battery project from opening before peak season; a blackout spoils food in the motel kitchen, and a traveler gets severe diarrhea."
Increasing red tape on renewable energy projects,NY Upper,New York,Walczyk,https://legiscan.com/NY/drafts/S9917/2026,Increasing Electricity Costs,"More red tape delays clean capacity while a transmission line fails; the dark motel room becomes dangerously hot, and a traveler suffers cramps and dizziness."
Deregulate utilities like Texas,OH Lower,Ohio,Fischer,https://www.ohiohouse.gov/legislation/136/hcr38,Increasing Electricity Costs,"Utility deregulation leaves the corridor exposed to a sudden price spike and a supplier failure; the motel cuts power overnight, and a traveler shivers through the cold with aching joints."
Allows county commissions to ban wind energy projects,OK Lower,Oklahoma,Jenkins,https://legiscan.com/OK/sponsors/HB1044/2025,Increasing Electricity Costs,"A county commission bans a proposed wind project, leaving the local grid short during a storm; a shelter loses heat, and a traveler develops numb feet and profound fatigue."
Making wind energy unprofitable,OK Lower,Oklahoma,Cornwell,https://legiscan.com/OK/drafts/HB1093/2025,Increasing Electricity Costs,"Rules make a wind project unprofitable and it is abandoned; emergency fossil generation raises prices, forcing the travelers to skip dinner and leaving one weak and light-headed."
Red tape on wind energy facilities,OK Lower,Oklahoma,Cornwell,https://legiscan.com/OK/text/HB1156/2025,Increasing Electricity Costs,"Wind-facility red tape delays turbines needed for a remote line; an outage stops the roadside pump, and a traveler becomes dehydrated after hours without safe water."
"Limits on where wind turbines can be located, including within 40 miles of a lake, that would be prohibitive",OK Lower,Oklahoma,Hays,https://legiscan.com/OK/text/HB1263/2025,Increasing Electricity Costs,"A forty-mile lake setback rules out the only viable wind site; winter power shortages close the motel’s boiler, and a traveler coughs violently in the freezing room."
Burdensome setback requirements for solar farms,OK Lower,Oklahoma,Shaw,https://legiscan.com/OK/text/HB1451/id/3081377,Increasing Electricity Costs,"Burdensome solar setbacks strand a nearly finished project; a grid shortfall cuts refrigeration at a food pantry, and a traveler develops painful stomach illness from spoiled supplies."
Requires renewable energy owners give any tax credits back to the state,OK Lower,Oklahoma,Shaw,https://legiscan.com/OK/text/HB1452/id/3081762,Increasing Electricity Costs,"A renewable owner must return tax credits and abandons expansion; the town faces higher peak rates, and a traveler skips needed medication with food, becoming nauseated and faint."
Make it harder to build renewable energy,OK Lower,Oklahoma,Jenkins,https://legiscan.com/OK/drafts/HB3095/2026,Increasing Electricity Costs,"New obstacles make renewable construction impossible before the old plant retires. A blackout closes the motel’s cooling, and a traveler becomes disoriented in the baking room."
Wind energy red tape,OK Upper,Oklahoma,Seifried,http://www.oklegislature.gov/BillInfo.aspx?Bill=sb2&Session=2500,Increasing Electricity Costs,"Wind permits stall a project that would have supplied the mountain corridor; a cold-weather outage leaves the van’s occupants huddled in coats, and one traveler’s lips turn blue with hypothermia."
Wind energy setback requirement increase,OK Upper,Oklahoma,Hamilton,https://legiscan.com/OK/drafts/SB0429/2025,Increasing Electricity Costs,"Increased wind setbacks shrink a project until financing disappears; a cold snap strains the grid, and a traveler’s prolonged night without heat brings shaking and numbness."
Burdensome setback requirements for wind energy,OK Upper,Oklahoma,Bergstrom,https://legiscan.com/OK/text/SB1026/id/3079786,Increasing Electricity Costs,"Wind setbacks push turbines off the ridge and the project dies; costly backup power closes the shelter’s meal line, leaving a traveler hungry and too weak to walk far."
Decommissioning requirements for renewable energy,OK Upper,Oklahoma,Seifried,https://legiscan.com/OK/drafts/SB2183/2026,Increasing Electricity Costs,"Decommissioning rules make a renewable owner mothball a replacement project; the aging grid fails during a storm, and a traveler slips on an icy, unlit stairwell and sprains an ankle."
Restrictions on solar installations,OK Upper,Oklahoma,Bullard,https://legiscan.com/OK/drafts/SB1917/2026,Increasing Electricity Costs,"Solar-installation restrictions leave the town with no new summer capacity; a blackout traps hot air in the motel, and a traveler develops heat exhaustion and a pounding headache."
Requiring additional paperwork for renewable energy,OK Upper,Oklahoma,McIntosh,https://legiscan.com/OK/drafts/SB1766/2026,Increasing Electricity Costs,"Extra renewable paperwork delays a community battery; a storm outage disables the shelter’s refrigerator, and a traveler eats spoiled food and begins vomiting."
Requirements on decomissioning wind energy,OK Upper,Oklahoma,McIntosh,https://legiscan.com/OK/drafts/SB1514/2026,Increasing Electricity Costs,"Wind decommissioning obligations scare off a builder, leaving old generators to carry the load; a failure shuts the shelter’s heaters, and a traveler shivers until their muscles ache."
Renewable energy red tape,OK Upper,Oklahoma,Hamilton,https://legiscan.com/OK/drafts/SB1510/2026,Increasing Electricity Costs,"Renewable red tape postpones a battery-backed solar build; a grid failure leaves the highway rest area dark and its water pump idle, and a traveler becomes dehydrated."
Renewable Energy Ban,RI Lower,Rhode Island,Chippendale,https://legiscan.com/RI/text/HB7177/2026,Increasing Electricity Costs,"A renewable ban forces expensive emergency generation during a heat wave; the motel passes the bill through to guests and cuts cooling, leaving a traveler faint and nauseated."
Require extra permitting for solar,RI Upper,Rhode Island,Rogers,https://legiscan.com/RI/drafts/SB2217/2026,Increasing Electricity Costs,"Extra solar permits push a farm past its financing deadline; the next outage stops the town’s water treatment pumps, and a traveler becomes weak and dizzy from rationing water."
Red tape for new solar projects,TN Lower,Tennessee,Gant,https://legiscan.com/TN/text/HB149/2025,Increasing Electricity Costs,"Red tape shelves a new solar project while demand rises. The resulting outage turns off a roadside clinic’s freezer, making a traveler’s temperature-sensitive medicine unusable and allowing their illness to flare painfully."
Renewable energy red tape,TX Lower,Texas,Middleton,https://legiscan.com/TX/text/SB383/2025,Increasing Electricity Costs,"Renewable red tape postpones a battery-backed solar build; a grid failure leaves the highway rest area dark and its water pump idle, and a traveler becomes dehydrated."
Limiting renewable energy that can be used in state,TX Upper,Texas,Hall,https://legiscan.com/TX/drafts/SB1692/2025,Increasing Electricity Costs,"Limits on renewable power leave the corridor dependent on a strained fossil plant; smoke and heat settle over the highway, and a traveler wheezes and develops chest tightness."
Renewable energy red tape,UT Lower,Utah,Jack,https://legiscan.com/UT/text/HB0016/id/3288306,Increasing Electricity Costs,"Renewable red tape postpones a battery-backed solar build; a grid failure leaves the highway rest area dark and its water pump idle, and a traveler becomes dehydrated."
Renewable energy red tape,UT Lower,Utah,Jack,https://legiscan.com/UT/sponsors/HB16/2026,Increasing Electricity Costs,"Renewable red tape postpones a battery-backed solar build; a grid failure leaves the highway rest area dark and its water pump idle, and a traveler becomes dehydrated."
Make it harder to dispose of solar panels,UT Lower,Utah,Jack,https://legiscan.com/UT/bill/HB323/2026,Increasing Electricity Costs,"Harder panel disposal makes a needed solar replacement uneconomic; the shelter loses backup power in a storm, and a traveler spends the night soaked, cold, and shivering."
Increases red tape for solar farms,VA Lower,Virginia,O'Quinn,https://legiscan.com/VA/drafts/HB2459/2025,Increasing Electricity Costs,"Solar-farm rules delay construction through another hot season; the motel’s failing grid cuts its fans, and a traveler suffers muscle cramps and confusion."
Gives local bureaucrats power to block renewable energy projects,WA Lower,Washington,Dye,https://legiscan.com/WA/text/HB1188/id/3040818,Increasing Electricity Costs,"Local officials block a renewable project after months of review; a later line failure shuts the grocery’s freezers, and a traveler develops severe abdominal cramps from spoiled food."
Requires local bureaucrat approval for wind & solar projects,WI Lower,Wisconsin,Tranel,https://legiscan.com/WI/text/AB7/id/3104256,Increasing Electricity Costs,"Required local approval stalls both wind and solar builds; a winter outage leaves the library shelter without heat, and a traveler’s fingers become painfully numb."
Wind energy ban,WV Lower,West Virginia,Ward,https://legiscan.com/WV/drafts/HB3011/2025,Increasing Electricity Costs,"A wind-energy ban removes a planned source of winter power. An ice storm brings a prolonged outage that closes the motel’s heaters, and a traveler coughs and trembles in the freezing room."
Tax energy from renewable resources,WV Upper,West Virginia,Phillips,https://legiscan.com/WV/text/SB57/2025,Increasing Electricity Costs,"A tax on renewable electricity pushes the town toward expensive backup fuel; higher prices empty the travelers’ food budget, and one traveler becomes weak and dizzy from missed meals."
Increasing taxes on electricity,WV Upper,West Virginia,Phillips,https://legiscan.com/WV/drafts/SB82/2026,Increasing Electricity Costs,"Higher electricity taxes inflate the motel bill, so management limits air-conditioning during a heat wave; a traveler develops a pounding headache and near-fainting spells."
Public sector union ban,AR Upper,Arkansas,McKee,https://legiscan.com/AR/text/SB579/2025,Anti-Worker,"A public-sector union ban leaves the highway clinic understaffed after a sudden surge; a traveler waits hours with a deep cut, and the wound reddens and throbs with infection."
Exempt nonprofits from minimum wage,CT Lower,Connecticut,Fishbein,https://legiscan.com/CT/text/HB05785/id/3065853,Anti-Worker,"A nonprofit shelter can legally pay below the minimum wage, so its cooks quit and meals disappear; a traveler goes hungry and becomes shaky while waiting for work."
Discourages public employees from joining unions,CT Lower,Connecticut,Mastrofrancesco,https://legiscan.com/CT/text/HB05606/id/3066072,Anti-Worker,"Public employees stop joining unions after repeated warnings, and a road crew works short-handed through a storm; an unmarked hazard causes a traveler to fall and bruise a hip."
Ban WFH for state employees,CT Lower,Connecticut,Anderson,https://legiscan.com/CT/text/HB5705/2025,Anti-Worker,State workers lose work-from-home flexibility and a licensing office closes early during the transition; the travelers miss a permit window and one develops a stress headache after sleeping in the van.
Exempt overtime pay from pension calculations,CT Lower,Connecticut,Candelora,https://legiscan.com/CT/text/HB5493/2025,Anti-Worker,"Overtime no longer counts toward a worker’s pension, so an exhausted mechanic takes extra shifts; a rushed repair fails and a traveler strains their back changing a tire."
Encouraging people to not join unions,CT Upper,Connecticut,Sampson,https://legiscan.com/CT/drafts/SB221/2025,Anti-Worker,A campaign against unions leaves the roadside warehouse short-staffed and rushed; a dropped crate injures a traveler’s wrist while the group loads supplies.
Bans striking workers from getting benefits,CT Upper,Connecticut,Sampson,https://legiscan.com/CT/text/SB524/2025,Anti-Worker,Striking workers lose benefits and the pharmacy distribution center shuts down; a traveler cannot refill a prescription and suffers a painful flare of their chronic condition.
Limits unionization,CT Upper,Connecticut,Sampson,https://legiscan.com/CT/text/SB624/2025,Anti-Worker,"Limits on unionization leave a motel crew unable to challenge unsafe staffing; a tired worker overlooks a wet floor, and a traveler slips and twists a knee."
Gutting employment protections,FL Lower,Florida,Johnson,https://legiscan.com/FL/text/H1601/id/3148496,Anti-Worker,Gutted employment protections make a diner cut corners on sanitation; a traveler eats a contaminated sandwich and spends the night vomiting and feverish.
Let teenagers drive hazmat trucks,IA Lower,Iowa,Transportation Committees,https://legiscan.com/IA/text/HF527/2025,Anti-Worker,"A teenager is put behind the wheel of a hazmat truck on the highway; a collision releases fumes near the van, and a traveler coughs, burns their eyes, and struggles to breathe."
Allow child labor for transporting hazardous materials,IA Upper,Iowa,Transportation Committee,https://legiscan.com/IA/text/SSB1015/2025,Anti-Worker,A young driver hauling hazardous material swerves at a rest stop and clips the van; a traveler hits the dashboard and suffers a painful rib injury.
Decreases number of safety officers needed at coal mines,KY Lower,Kentucky,Blanton,https://legiscan.com/KY/text/HB196/2025,Anti-Worker,"Fewer safety officers patrol a coal mine beside the highway, and a dust release reaches the roadside; a traveler’s lungs tighten and they wheeze for hours."
Right to work,ME Lower,Maine,Morris,https://www.mainelegislature.org/LawMakerWeb/summary.asp?ID=280095801,Anti-Worker,"A right-to-work rule weakens bargaining at the town’s only motel, leaving too few cleaners; a traveler finds mold in the room and develops a harsh cough overnight."
Delays start of paid leave law,MN Lower,Minnesota,Baker,https://legiscan.com/MN/bill/HB11/2025,Anti-Worker,"Paid leave is delayed, so a contagious kitchen worker reports for duty at the roadside café; a traveler catches the illness and spends the next day feverish and dehydrated."
Delay paid leave law,MN Lower,Minnesota,Baker,https://legiscan.com/MN/drafts/HB11/2025,Anti-Worker,"A paid-leave delay forces an ill hotel employee onto a crowded shift; the travelers are exposed to a stomach bug, and one develops vomiting and painful cramps."
Eliminate paid leave,MN Lower,Minnesota,Joy,https://legiscan.com/MN/drafts/HB1241/2025,Anti-Worker,"Without paid leave, a driver works through a fever and loses focus on a slick road; the van jolts into a barrier, leaving a traveler with a whiplash headache."
Limiting paid leave program,MN Lower,Minnesota,Baker,https://legiscan.com/MN/text/HF2024/2025,Anti-Worker,"A limited leave program makes a warehouse worker hide a severe hand injury; a dropped box strikes a traveler’s foot, causing swelling and difficulty walking."
Repeal state paid leave law,MN Upper,Minnesota,Lucero,https://legiscan.com/MN/text/SF2277/id/3154454,Anti-Worker,Repealing paid leave keeps a coughing cashier at work; a traveler catches the respiratory infection and develops a high fever with shortness of breath.
Exempts influencer families from child labor laws,MO Lower,Missouri,Laubinger,https://legiscan.com/MO/text/HB1245/id/3112211,Anti-Worker,"An influencer family uses children for long filming shifts at the roadside fair, and a distracted setup leaves a cable across the walkway; a traveler trips and fractures a finger."
Gut teachers unions,NE,Nebraska,Lonowski,https://legiscan.com/NE/text/LB353/id/3061467,Anti-Worker,A weakened teachers’ union leaves the school shelter short of staff during a storm; a traveler carrying blankets slips on an unlit stair and sprains a wrist.
Bans remote work for state employees,NJ Lower,New Jersey,Auth,https://legiscan.com/NJ/drafts/A5243/2025,Anti-Worker,"A ban on remote work empties the state help desk during a relocation scramble; the travelers wait in a hot van for hours, and one becomes dizzy and dehydrated."
Exempts daycares from giving COVID-19 sick leave,NY Lower,New York,Brabenec,https://legiscan.com/NY/drafts/A06259/2025,Anti-Worker,"A daycare worker denied COVID sick leave reports while ill, and a traveler covering a temporary daycare shift catches the virus. Fever, cough, and exhaustion set in before the van reaches the next town."
Right to work,OH Lower,Ohio,Dean,https://legiscan.com/OH/text/HB510/2025,Anti-Worker,"A right-to-work rule weakens bargaining at the town’s only motel, leaving too few cleaners; a traveler finds mold in the room and develops a harsh cough overnight."
Bans public sector worker strikes,OK Upper,Oklahoma,Deevers,https://legiscan.com/OK/text/SB481/id/3045262,Anti-Worker,"Public workers cannot strike, so a neglected bridge repair crew keeps working through dangerous weather; falling debris cracks the van windshield and cuts a traveler’s forehead."
Hobbling teachers' unions,OK Upper,Oklahoma,Bergstrom,https://legiscan.com/OK/text/SB62/id/3079777,Anti-Worker,Hobbled teachers’ unions leave the school shelter without enough supervision; a traveler slips on a spilled drink and painfully twists an ankle.
Bans cities from giving workers additional rights,TN Upper,Tennessee,Taylor,https://legiscan.com/TN/text/SB0674/id/3100245,Anti-Worker,"Cities are barred from adding worker protections, and a motel cuts housekeeping below safe levels; a traveler encounters contaminated linens and develops an itchy rash and fever."
Bans municipalities from favoring contracts with unionized workers,TX Upper,Texas,Hancock,https://legiscan.com/TX/text/SB925/id/3079525,Anti-Worker,"A city cannot favor union contractors, and the lowest bidder rushes a roadside repair; loose gravel sends the van skidding, leaving a traveler with a shoulder strain."
Right to Work,UT Lower,Utah,Teuscher,https://legiscan.com/UT/text/HJR8/2025,Anti-Worker,"A right-to-work policy weakens the motel staff’s safety complaints; a broken railing gives way under a traveler, who falls and bruises their back."
Right to work,VA Lower,Virginia,Green,https://legiscan.com/VA/bill/HJR450/2025,Anti-Worker,"A right-to-work rule weakens bargaining at the town’s only motel, leaving too few cleaners; a traveler finds mold in the room and develops a harsh cough overnight."
Right to work,VA Lower,Virginia,O'Quinn,https://legiscan.com/VA/text/HJR492/id/3057601,Anti-Worker,"A right-to-work rule weakens bargaining at the town’s only motel, leaving too few cleaners; a traveler finds mold in the room and develops a harsh cough overnight."
Guts overtime,WA Lower,Washington,Couture,https://legiscan.com/WA/text/HB1184/id/3040617,Anti-Worker,"Overtime protections are gutted, and an exhausted tow operator hooks the van incorrectly; the sudden lurch throws a traveler against the seat and causes neck pain."
Bans increasing the state minimum wage if the federal minimum wage doesn't go up,WA Upper,Washington,Fortunato,https://legiscan.com/WA/text/SB5339/id/3062394,Anti-Worker,A wage freeze leaves the diner understaffed and its cooler poorly monitored; a traveler eats spoiled leftovers and suffers diarrhea and abdominal pain.
Make child labor legal down to 14 years,WV Upper,West Virginia,Phillips,https://legiscan.com/WV/text/SB427/2025,Anti-Worker,"A fourteen-year-old is assigned a late shift at a truck stop and misses a warning sign while guiding traffic; the van is sideswiped, leaving a traveler shaken with a bruised knee."
Chemtrail ban,AL Lower,Alabama,Butler,https://legiscan.com/AL/text/HB248/2025,Right Wing Conspiracies,"A chemtrail ban diverts airport inspectors into chasing contrails while a real smoke plume goes unreported; the van drives through it, and a traveler’s eyes burn as breathing becomes tight."
Eliminating water fluoridation,AR Upper,Arkansas,Penzo,https://legiscan.com/AR/bill/SB2/2025,Right Wing Conspiracies,"At a roadside clinic, a dentist explains that the traveler’s old cavity has been worsening since fluoridation ended, but every appointment is full. The molar throbs so badly that chewing becomes nearly impossible."
Eliminate fluoridation requirements,AR Upper,Arkansas,Penzo,https://legiscan.com/AR/text/SB474/2025,Right Wing Conspiracies,"A resident tells the travelers that cavities have surged since the town dropped its fluoridation requirement. The only dentist is booked, leaving one traveler awake with worsening jaw pain."
Chemtrail ban,AZ Lower,Arizona,Keshel,https://legiscan.com/AZ/drafts/HB2974/2026,Right Wing Conspiracies,"A chemtrail ban diverts airport inspectors into chasing contrails while a real smoke plume goes unreported; the van drives through it, and a traveler’s eyes burn as breathing becomes tight."
Chemtrails ban,AZ Upper,Arizona,Farnsworth,https://legiscan.com/AZ/text/SB1432/id/3091882,Right Wing Conspiracies,Officials spend the afternoon investigating ordinary aircraft trails while a brush fire spreads near the highway; smoke enters the van and leaves a traveler coughing and short of breath.
Chemtrails ban,AZ Upper,Arizona,Farnsworth,https://legiscan.com/AZ/text/SB1278/id/3325678,Right Wing Conspiracies,Officials spend the afternoon investigating ordinary aircraft trails while a brush fire spreads near the highway; smoke enters the van and leaves a traveler coughing and short of breath.
Study chemtrails,CT Lower,Connecticut,Case,https://legiscan.com/CT/bill/HB5391/2025,Right Wing Conspiracies,"A chemtrail study delays attention to a verified air-quality alert; the travelers pass through the haze, and one develops burning lungs and a splitting headache."
Chemtrail Ban,FL Lower,Florida,Steele,https://legiscan.com/FL/text/H0477/id/3108772,Right Wing Conspiracies,"A chemtrail ban ties up the aviation hotline during a wildfire evacuation; the van takes a smoky detour, and a traveler becomes wheezy and disoriented."
Chemtrails ban,FL Upper,Florida,Garcia,https://legiscan.com/FL/text/SB56/2025,Right Wing Conspiracies,Officials spend the afternoon investigating ordinary aircraft trails while a brush fire spreads near the highway; smoke enters the van and leaves a traveler coughing and short of breath.
Chemtrails ban,IA Lower,Iowa,Shipley,https://legiscan.com/IA/text/HF191/id/3095513,Right Wing Conspiracies,Officials spend the afternoon investigating ordinary aircraft trails while a brush fire spreads near the highway; smoke enters the van and leaves a traveler coughing and short of breath.
Chemtrails ban,IA Lower,Iowa,Environmental Protection Committee,https://legiscan.com/IA/text/HB927/2025,Right Wing Conspiracies,Officials spend the afternoon investigating ordinary aircraft trails while a brush fire spreads near the highway; smoke enters the van and leaves a traveler coughing and short of breath.
Anti-Chemtrails,IA Lower,Iowa,Shipley,https://legiscan.com/IA/drafts/HF2173/2025,Right Wing Conspiracies,"Anti-chemtrail officials dismiss a plume report as a conspiracy, so the van’s route stays open through toxic smoke; a traveler’s throat burns and breathing turns labored."
Fluoride ban,IA Lower,Iowa,Larson,https://legiscan.com/IA/drafts/HF2395/2026,Right Wing Conspiracies,"A fluoride ban leaves the local dental office overwhelmed by long-standing cavities. One traveler’s already damaged tooth cracks on a hard snack, sending pain through the jaw and ruining sleep."
Chemtrails ban,ID Lower,Idaho,Cayler,https://legiscan.com/ID/drafts/H669/2026,Right Wing Conspiracies,Officials spend the afternoon investigating ordinary aircraft trails while a brush fire spreads near the highway; smoke enters the van and leaves a traveler coughing and short of breath.
Encouraging Congress to ban chemtrails,ID Lower,Idaho,House Environment,https://legiscan.com/ID/drafts/HJM15/2026,Right Wing Conspiracies,"Congress is urged to ban chemtrails while a real industrial leak receives less attention; the van passes the warning too late, and a traveler vomits after inhaling the fumes."
Chemtrails,ID Upper,Idaho,Senate Agriculture,https://legiscan.com/ID/text/S1065/id/3105552,Right Wing Conspiracies,"A roadside argument about chemtrails distracts a driver as traffic stops suddenly; the van brakes hard, and a traveler hits their head and develops a persistent headache."
Chemtrail Ban,ID Upper,Idaho,Agriculture Committee,https://legiscan.com/ID/text/S1065/id/3105552,Right Wing Conspiracies,"A chemtrail ban ties up the aviation hotline during a wildfire evacuation; the van takes a smoky detour, and a traveler becomes wheezy and disoriented."
Anti-chemtrails bill,IL Upper,Illinois,Anderson,https://legiscan.com/IL/drafts/SB1426/2025,Right Wing Conspiracies,"An anti-chemtrails bill delays emergency air-monitoring funds during a smoke event; a traveler’s asthma flares in the van, with wheezing and chest tightness."
Anti-chemtrails bill,KS Lower,Kansas,Federal and State Affairs Committee,https://legiscan.com/KS/drafts/HB2439/2026,Right Wing Conspiracies,"An anti-chemtrails bill delays emergency air-monitoring funds during a smoke event; a traveler’s asthma flares in the van, with wheezing and chest tightness."
Chemtrails ban,KS Upper,Kansas,Senate Federal Affairs,https://legiscan.com/KS/bill/SB449/2025,Right Wing Conspiracies,Officials spend the afternoon investigating ordinary aircraft trails while a brush fire spreads near the highway; smoke enters the van and leaves a traveler coughing and short of breath.
Allows water system to opt out of fluoridation,KY Lower,Kentucky,Hart,https://legiscan.com/KY/drafts/HB0016/2025,Right Wing Conspiracies,"The water system opts out of fluoridation, and the travelers hear that the local dentist has months of existing decay cases waiting. One traveler’s sharp tooth pain makes them abandon dinner."
Ban fluoridation requirements,KY Upper,Kentucky,Tichenor,https://legiscan.com/KY/text/SB180/id/3121430,Right Wing Conspiracies,"With fluoridation no longer required, the town’s dentist is overwhelmed by residents’ long-standing decay. A traveler’s preexisting tooth infection swells painfully while they wait for an emergency opening."
Chemtrail ban,KY Upper,Kentucky,Rawlings,https://legiscan.com/KY/text/SB25/id/3300713,Right Wing Conspiracies,"A chemtrail ban diverts airport inspectors into chasing contrails while a real smoke plume goes unreported; the van drives through it, and a traveler’s eyes burn as breathing becomes tight."
Chemtrail ban,LA Upper,Louisiana,Fesi,https://legiscan.com/LA/text/SB46/2025,Right Wing Conspiracies,"A chemtrail ban diverts airport inspectors into chasing contrails while a real smoke plume goes unreported; the van drives through it, and a traveler’s eyes burn as breathing becomes tight."
Limiting water fluoridation,LA Upper,Louisiana,Fesi,https://legiscan.com/LA/drafts/SB4/2026,Right Wing Conspiracies,"Reduced fluoridation leaves the travelers searching through a backlog of existing dental problems. Cold water hits one traveler’s damaged tooth, causing stabbing pain and sleeplessness."
Ban on fluoridating water,MA Lower,Massachusetts,Thurber,https://malegislature.gov/Bills/194/HD3440,Right Wing Conspiracies,"A fluoridation ban leaves the nearest clinic swamped with patients whose cavities developed over years. One traveler’s old toothache becomes constant, and chewing brings tears."
Bans fluoridation of water,MA Upper,Massachusetts,Durant,https://malegislature.gov/Bills/194/SD227/Bills,Right Wing Conspiracies,"After water fluoridation is banned, a dentist tells the travelers that existing enamel damage is now overwhelming the practice. A cracked tooth swells and causes relentless pain in the van."
Removes state fluoridation requirement,MA Upper,Massachusetts,Tarr,https://malegislature.gov/Bills/194/SD2432,Right Wing Conspiracies,"Removing the state fluoridation requirement leaves a local dentist booked with long-standing cavities. A traveler’s neglected tooth worsens, and jaw pain makes the next drive miserable."
Chemtrails ban,ME Lower,Maine,Schmersal-Burgess,https://legiscan.com/ME/text/LD499/id/3106036,Right Wing Conspiracies,Officials spend the afternoon investigating ordinary aircraft trails while a brush fire spreads near the highway; smoke enters the van and leaves a traveler coughing and short of breath.
Chemtrail ban,ME Lower,Maine,Schmersal,https://legiscan.com/ME/drafts/LD499/2025,Right Wing Conspiracies,"A chemtrail ban diverts airport inspectors into chasing contrails while a real smoke plume goes unreported; the van drives through it, and a traveler’s eyes burn as breathing becomes tight."
Chemtrails ban,ME Upper,Maine,Black,https://legiscan.com/ME/text/LD825/2025,Right Wing Conspiracies,Officials spend the afternoon investigating ordinary aircraft trails while a brush fire spreads near the highway; smoke enters the van and leaves a traveler coughing and short of breath.
Eliminates fluoridation mandates,MN Lower,Minnesota,Gordon,https://legiscan.com/MN/text/HF1850/id/3150281,Right Wing Conspiracies,"Eliminating fluoridation mandates leaves the town’s dental office buried under existing decay cases. A hard granola bar triggers severe pain in one traveler’s molar, and they stop eating."
Chemtrail ban,MN Lower,Minnesota,Altendorf,https://legiscan.com/MN/text/HF2310/2025,Right Wing Conspiracies,"A chemtrail ban diverts airport inspectors into chasing contrails while a real smoke plume goes unreported; the van drives through it, and a traveler’s eyes burn as breathing becomes tight."
Eliminate fluoridation requirements,MN Upper,Minnesota,Koran,https://legiscan.com/MN/text/SF2699/2025,Right Wing Conspiracies,"A resident tells the travelers that cavities have surged since the town dropped its fluoridation requirement. The only dentist is booked, leaving one traveler awake with worsening jaw pain."
Ban fluoridation,MN Upper,Minnesota,Lieske,https://legiscan.com/MN/text/SF3424/2025,Right Wing Conspiracies,"A fluoridation ban takes effect, and the travelers find every dentist booked with cavities that have built up over years. One traveler’s old decay becomes an agonizing toothache that keeps the whole van awake."
Anti-chemtrails,MS Upper,Mississippi,Barrett,https://legiscan.com/MS/text/SB2418/2026,Right Wing Conspiracies,"An anti-chemtrail rally blocks a highway shoulder during a smoke alert; the van idles in the haze, and a traveler develops coughing, watery eyes, and dizziness."
Chemtrails ban,NC Lower,North Carolina,Almond,https://legiscan.com/NC/text/HB362/2025,Right Wing Conspiracies,Officials spend the afternoon investigating ordinary aircraft trails while a brush fire spreads near the highway; smoke enters the van and leaves a traveler coughing and short of breath.
Chemtrail ban,NC Upper,North Carolina,Settle,https://legiscan.com/NC/text/SB485/2025,Right Wing Conspiracies,"A chemtrail ban diverts airport inspectors into chasing contrails while a real smoke plume goes unreported; the van drives through it, and a traveler’s eyes burn as breathing becomes tight."
Bans water fluoridation,ND Lower,North Dakota,Heilman,https://legiscan.com/ND/text/HB1605/id/3068292,Right Wing Conspiracies,"Banning water fluoridation leaves a local clinic overwhelmed by existing dental damage. A traveler’s cavity worsens while waiting, and a swollen jaw makes swallowing and sleeping painful."
Eliminates fluoridation requirements,NE,Nebraska,Hansen,https://legiscan.com/NE/text/LB147/2025,Right Wing Conspiracies,"A town eliminates its fluoridation requirement, and a resident describes years of worsening cavities as the dental queue grows. Sudden nerve pain leaves one traveler clutching their face at the rest stop."
Banning Medicaid coverage of circumcision,NH Lower,New Hampshire,Soti,https://legiscan.com/NH/bill/HB94/2025,Right Wing Conspiracies,"After Medicaid stops covering circumcision, a clinic demands payment for a needed procedure and the traveler cannot afford it. A painful complication worsens into swelling and difficulty urinating during the journey."
Chemtrail ban,NH Lower,New Hampshire,Potenza,https://legiscan.com/NH/drafts/HB764/2025,Right Wing Conspiracies,"A chemtrail ban diverts airport inspectors into chasing contrails while a real smoke plume goes unreported; the van drives through it, and a traveler’s eyes burn as breathing becomes tight."
Chemtrail ban,NY Lower,New York,DiPietro,https://legiscan.com/NY/text/A5476/2025,Right Wing Conspiracies,"A chemtrail ban diverts airport inspectors into chasing contrails while a real smoke plume goes unreported; the van drives through it, and a traveler’s eyes burn as breathing becomes tight."
Ban 5G towers in New York City,NY Upper,New York,Lanza,https://legiscan.com/NY/text/S7106/2025,Right Wing Conspiracies,"A 5G tower ban leaves a crowded highway corridor with overloaded emergency coverage; after a crash, the van waits for help while an injured traveler bleeds and grows faint."
Fluoridation ban,OH Lower,Ohio,Dean,https://legiscan.com/OH/text/HB182/2025,Right Wing Conspiracies,"Fluoridation is banned, and the town’s dentist is booked treating long-standing cavities. One traveler’s old tooth develops a pounding ache that makes food and sleep impossible."
Anti-Chemtrails bill,OH Lower,Ohio,Young,https://legiscan.com/OH/text/HB290/2025,Right Wing Conspiracies,An anti-chemtrails bill absorbs emergency planning time during a wildfire week; smoke seeps into the van and a traveler’s lungs tighten into a wheezing attack.
Chemtrail ban,OK Upper,Oklahoma,Jett,https://legiscan.com/OK/text/SB1021/id/3082881,Right Wing Conspiracies,"A chemtrail ban diverts airport inspectors into chasing contrails while a real smoke plume goes unreported; the van drives through it, and a traveler’s eyes burn as breathing becomes tight."
Ban chemtrails,OK Upper,Oklahoma,Jett,https://legiscan.com/OK/drafts/SB1797/2026,Right Wing Conspiracies,"A chemtrail ban delays a real smoke warning, and the van crosses a polluted pass; a traveler’s eyes sting, throat burns, and breathing becomes difficult."
Fluoridation Ban,PA Lower,Pennsylvania,Ortitay,https://legiscan.com/PA/bill/HB1660/2025,Right Wing Conspiracies,A fluoridation ban leaves the local dentist buried under years of existing decay. One traveler develops intense tooth pain and cannot chew the group’s dinner.
Chemtrail ban,PA Upper,Pennsylvania,Mastriano,https://legiscan.com/PA/text/SB508/2025,Right Wing Conspiracies,"A chemtrail ban diverts airport inspectors into chasing contrails while a real smoke plume goes unreported; the van drives through it, and a traveler’s eyes burn as breathing becomes tight."
Fluoridation ban,SC Lower,South Carolina,Gilreath,https://legiscan.com/SC/text/HB4258/2025,Right Wing Conspiracies,"Fluoridation is banned, and the town’s dentist is booked treating long-standing cavities. One traveler’s old tooth develops a pounding ache that makes food and sleep impossible."
Fluoride Ban,SC Upper,South Carolina,Kennedy,https://legiscan.com/SC/drafts/S0743/2025,Right Wing Conspiracies,"A fluoride ban arrives as the town’s dental appointments fill with long-standing cavities. A traveler’s already damaged tooth swells along the jaw, leaving them feverish and sleepless."
Chemtrails ban,SD Lower,South Dakota,Andera,https://legiscan.com/SD/drafts/HB1271/2026,Right Wing Conspiracies,Officials spend the afternoon investigating ordinary aircraft trails while a brush fire spreads near the highway; smoke enters the van and leaves a traveler coughing and short of breath.
Chemtrails ban,SD Lower,South Dakota,Andera,https://legiscan.com/SD/drafts/HB1294/2026,Right Wing Conspiracies,Officials spend the afternoon investigating ordinary aircraft trails while a brush fire spreads near the highway; smoke enters the van and leaves a traveler coughing and short of breath.
Repeal fluoridation mandate,SD Upper,South Dakota,Perry,https://legiscan.com/SD/text/SB133/2025,Right Wing Conspiracies,Repealing fluoridation rules leaves the only dentist with a long backlog of existing decay. A traveler’s unchecked cavity causes a sharp toothache and jaw tenderness over every bump.
Chemtrail ban,TN Lower,Tennessee,Fritts,https://legiscan.com/TN/text/HB1112/id/3103234,Right Wing Conspiracies,"A chemtrail ban diverts airport inspectors into chasing contrails while a real smoke plume goes unreported; the van drives through it, and a traveler’s eyes burn as breathing becomes tight."
Chemtrail ban,TN Lower,Tennessee,Todd,https://legiscan.com/TN/text/HB0899/id/3099943,Right Wing Conspiracies,"A chemtrail ban diverts airport inspectors into chasing contrails while a real smoke plume goes unreported; the van drives through it, and a traveler’s eyes burn as breathing becomes tight."
Ban on microchip implantation,TN Lower,Tennessee,Martin,https://legiscan.com/TN/drafts/HB1877/2026,Right Wing Conspiracies,"At a clinic, a receptionist mistakenly treats a legitimate implanted medical device as a banned microchip and delays the traveler’s care. Confusion worsens, and the traveler panics and exhausts themself trying to explain the device."
Fluoridation Ban,TN Upper,Tennessee,Pody,https://wapp.capitol.tn.gov/apps/BillInfo/Default?BillNumber=SB2304&ga=114,Right Wing Conspiracies,A fluoridation ban leaves the local dentist buried under years of existing decay. One traveler develops intense tooth pain and cannot chew the group’s dinner.
High speed rail ban,TX Lower,Texas,Harris,https://capitol.texas.gov/BillLookup/History.aspx?LegSess=89R&Bill=HB1402,Right Wing Conspiracies,"A high-speed rail ban keeps a busy corridor dependent on overcrowded roads; a truck collision rocks the van, and a traveler suffers a painful concussion."
Chemtrail ban,TX Lower,Texas,Shofner,https://legiscan.com/TX/text/HB3740/2025,Right Wing Conspiracies,"A chemtrail ban diverts airport inspectors into chasing contrails while a real smoke plume goes unreported; the van drives through it, and a traveler’s eyes burn as breathing becomes tight."
Fluoridation Ban,UT Lower,Utah,Gricius,https://legiscan.com/UT/text/HB0081/2025,Right Wing Conspiracies,A fluoridation ban leaves the local dentist buried under years of existing decay. One traveler develops intense tooth pain and cannot chew the group’s dinner.
Anti-chemtrails bill,UT Upper,Utah,Winterton,https://legiscan.com/UT/drafts/SB23/2026,Right Wing Conspiracies,"An anti-chemtrails bill delays emergency air-monitoring funds during a smoke event; a traveler’s asthma flares in the van, with wheezing and chest tightness."
Anti-Chemtrails bill,UT Upper,Utah,Winterton,https://legiscan.com/UT/drafts/SB23/2026,Right Wing Conspiracies,An anti-chemtrails bill absorbs emergency planning time during a wildfire week; smoke seeps into the van and a traveler’s lungs tighten into a wheezing attack.
Chemtrail Ban,VT Lower,Vermont,Burtt,https://legiscan.com/VT/text/HB217/2025,Right Wing Conspiracies,"A chemtrail ban ties up the aviation hotline during a wildfire evacuation; the van takes a smoky detour, and a traveler becomes wheezy and disoriented."
Chemtrail ban,WA Lower,Washington,Chase,https://legiscan.com/WA/drafts/HB2222/2025,Right Wing Conspiracies,"A chemtrail ban diverts airport inspectors into chasing contrails while a real smoke plume goes unreported; the van drives through it, and a traveler’s eyes burn as breathing becomes tight."
Chemtrail Ban,WV Lower,West Virginia,Ridenour,https://legiscan.com/WV/text/HB2758/2025,Right Wing Conspiracies,"A chemtrail ban ties up the aviation hotline during a wildfire evacuation; the van takes a smoky detour, and a traveler becomes wheezy and disoriented."
Chemtrails ban,WV Lower,West Virginia,Canterbury,https://legiscan.com/WV/drafts/HB3207/2025,Right Wing Conspiracies,Officials spend the afternoon investigating ordinary aircraft trails while a brush fire spreads near the highway; smoke enters the van and leaves a traveler coughing and short of breath.
Chemtrails ban,WV Lower,West Virginia,Canterbury,https://legiscan.com/WV/drafts/HB5160/2026,Right Wing Conspiracies,Officials spend the afternoon investigating ordinary aircraft trails while a brush fire spreads near the highway; smoke enters the van and leaves a traveler coughing and short of breath.
Chemtrails ban,WV Lower,West Virginia,Anders,https://legiscan.com/WV/drafts/HB5513/2026,Right Wing Conspiracies,Officials spend the afternoon investigating ordinary aircraft trails while a brush fire spreads near the highway; smoke enters the van and leaves a traveler coughing and short of breath.
Chemtrail ban,WV Upper,West Virginia,Woodrum,https://legiscan.com/WV/text/SB699/2025,Right Wing Conspiracies,"A chemtrail ban diverts airport inspectors into chasing contrails while a real smoke plume goes unreported; the van drives through it, and a traveler’s eyes burn as breathing becomes tight."
Chemtrails ban,WV Upper,West Virginia,Hamilton,https://legiscan.com/WV/drafts/SB665/2026,Right Wing Conspiracies,Officials spend the afternoon investigating ordinary aircraft trails while a brush fire spreads near the highway; smoke enters the van and leaves a traveler coughing and short of breath.
Anti-chemtrails bill,WY Lower,Wyoming,House Committee on Agriculture,https://legiscan.com/WY/drafts/HB12/2026,Right Wing Conspiracies,"An anti-chemtrails bill delays emergency air-monitoring funds during a smoke event; a traveler’s asthma flares in the van, with wheezing and chest tightness."
Allowing raw milk to be sold in stores,AR Lower,Arkansas,Cooper,https://legiscan.com/AR/bill/HB1048/2025,Food Poisoning,"At a newly stocked market, a traveler buys raw milk for breakfast; hours later they develop violent diarrhea, vomiting, and weakness that leave them curled on the van floor."
Legalize raw milk,AR Upper,Arkansas,Clark,https://legiscan.com/AR/text/SB464/2025,Food Poisoning,"Legal raw milk is advertised at a farm stand, but contamination goes unnoticed; a traveler drinks it and develops feverish stomach cramps and dehydration."
Legalize raw milk,IA Lower,Iowa,Ways and Means Committee,https://legiscan.com/IA/drafts/HSB222/2025,Food Poisoning,"Legal raw milk is advertised at a farm stand, but contamination goes unnoticed; a traveler drinks it and develops feverish stomach cramps and dehydration."
Make it easier to sell raw milk,IA Lower,Iowa,Ingels,https://legiscan.com/IA/text/HF2444/id/3363409,Food Poisoning,Easier raw-milk sales put an untested jug in the travelers’ cooler; one traveler becomes nauseated and repeatedly vomits before the next town.
Legalizes sale of raw milk,KY Lower,Kentucky,Roberts,https://legiscan.com/KY/text/HB86/id/3041360,Food Poisoning,"A store’s legal raw milk has picked up bacteria during handling; after drinking it, a traveler develops bloody diarrhea and painful abdominal cramps."
Makes it legal to sell uninspected meat,LA Lower,Louisiana,Coates,https://legiscan.com/LA/drafts/HB753/2026,Food Poisoning,"Uninspected meat is sold from a roadside freezer, and the travelers cook it over a camp stove; one develops fever, vomiting, and severe stomach pain overnight."
Deregulate raw milk,MI Lower,Michigan,Maddock,https://legiscan.com/MI/sponsors/HB5218/2025,Food Poisoning,"Raw-milk deregulation fills the cooler with cheap bottles, one of them contaminated; a traveler’s diarrhea and dehydration make them too weak to stand."
Legalize raw milk,MN Lower,Minnesota,Bliss,https://legiscan.com/MN/drafts/HF537/2025,Food Poisoning,"Legal raw milk is advertised at a farm stand, but contamination goes unnoticed; a traveler drinks it and develops feverish stomach cramps and dehydration."
Legalize raw milk sales,MN Upper,Minnesota,Bahr,https://legiscan.com/MN/text/SF1126/id/3108910,Food Poisoning,"The travelers trust a legal raw-milk label at a rural market, but the batch is contaminated; a traveler spends the night vomiting and shivering with fever."
Legalizes raw milk,MO Lower,Missouri,Wolfin,https://legiscan.com/MO/text/HB849/2025,Food Poisoning,"A newly legal raw-milk carton spoils in the van’s warm cooler; a traveler drinks it and develops cramps, diarrhea, and a pounding dehydration headache."
Legalize raw milk sales,MO Lower,Missouri,Durnell,https://legiscan.com/MO/text/HB1073/id/3084098,Food Poisoning,"The travelers trust a legal raw-milk label at a rural market, but the batch is contaminated; a traveler spends the night vomiting and shivering with fever."
Raw milk legalization,MS Upper,Mississippi,Burks,https://legiscan.com/MS/sponsors/SB2284/2026,Food Poisoning,"Raw-milk legalization brings an untested bottle to the breakfast table; a traveler falls ill with vomiting and fever, unable to keep down water."
Legalizing raw milk,ND Lower,North Dakota,Holle,https://legiscan.com/ND/bill/HB1131/2025,Food Poisoning,"A farm stand legally sells raw milk, and a contaminated bottle slips into the travelers’ supplies; one traveler develops severe diarrhea and muscle weakness."
Raw milk permits,NJ Lower,New Jersey,Fantasia,https://legiscan.com/NJ/bill/A4997/2026,Food Poisoning,"A raw-milk permit gives the stall an air of safety, but its refrigeration fails; a traveler drinks the milk and becomes feverish, nauseated, and dehydrated."
Legalizes sale of donkey milk,OK Lower,Oklahoma,West,https://legiscan.com/OK/text/HB1191/2025,Food Poisoning,"A store legally sells donkey milk that was not properly chilled; a traveler samples it and soon suffers vomiting, abdominal cramps, and profound weakness."
Legalizing raw donkey milk,OK Lower,Oklahoma,Hardin,https://legiscan.com/OK/drafts/HB3056/2026,Food Poisoning,"Raw donkey milk is offered as a health drink at a roadside market, but contamination follows the bottle into the van; a traveler develops fever and relentless diarrhea."
Legalize sales of donkey milk,OK Upper,Oklahoma,Jett,https://legiscan.com/OK/text/SB477/id/3045112,Food Poisoning,Legal donkey-milk sales tempt the travelers during a long stretch without groceries; a contaminated serving leaves one traveler vomiting and clutching their stomach.
Legalizes donkey milk,OK Upper,Oklahoma,Murdock,https://legiscan.com/OK/text/SB1080/id/3082869,Food Poisoning,"The travelers buy donkey milk from a newly licensed stand, unaware its raw batch is contaminated; a traveler becomes dehydrated and dizzy before reaching shelter."
Deregulate raw milk,OK Upper,Oklahoma,Green,https://legiscan.com/OK/drafts/SB2107/2026,Food Poisoning,"Raw-milk deregulation fills the cooler with cheap bottles, one of them contaminated; a traveler’s diarrhea and dehydration make them too weak to stand."
Deregulate raw milk,OK Upper,Oklahoma,Green,https://legiscan.com/OK/drafts/SB2027/2026,Food Poisoning,"Raw-milk deregulation fills the cooler with cheap bottles, one of them contaminated; a traveler’s diarrhea and dehydration make them too weak to stand."
Deregulate raw milk,OK Upper,Oklahoma,Wingard,https://legiscan.com/OK/drafts/SB2125/2026,Food Poisoning,"Raw-milk deregulation fills the cooler with cheap bottles, one of them contaminated; a traveler’s diarrhea and dehydration make them too weak to stand."
Legalize raw milk,PA Lower,Pennsylvania,Zimmerman,https://legiscan.com/PA/text/HB1201/2025,Food Poisoning,"Legal raw milk is advertised at a farm stand, but contamination goes unnoticed; a traveler drinks it and develops feverish stomach cramps and dehydration."
Legalize raw milk,RI Lower,Rhode Island,Place,https://legiscan.com/RI/drafts/HB7924/2026,Food Poisoning,"Legal raw milk is advertised at a farm stand, but contamination goes unnoticed; a traveler drinks it and develops feverish stomach cramps and dehydration."
Legalizes raw milk,RI Upper,Rhode Island,Rogers,https://legiscan.com/RI/drafts/SB90/2025,Food Poisoning,"A newly legal raw-milk carton spoils in the van’s warm cooler; a traveler drinks it and develops cramps, diarrhea, and a pounding dehydration headache."
Deregulating raw milk,SD Lower,South Dakota,Hansen,https://legiscan.com/SD/drafts/HB1121/2026,Food Poisoning,"Deregulated raw milk is sold from an unrefrigerated cooler; after drinking it, a traveler develops painful cramps, diarrhea, and weakness."
Allowing raw milk to be sold in stores,TX Lower,Texas,Hull,https://legiscan.com/TX/text/HB1669/2025,Food Poisoning,"At a newly stocked market, a traveler buys raw milk for breakfast; hours later they develop violent diarrhea, vomiting, and weakness that leave them curled on the van floor."
Gassing people to death with nitrogen hypoxia,AR Lower,Arkansas,Wardlaw,https://legiscan.com/AR/drafts/HB1489/2025,Pro-Violence,"A protest erupts outside a facility using nitrogen hypoxia, and police rush the crowd away when a gate alarm sounds. In the crush, a traveler falls hard, suffers a head injury, and becomes confused."
Decriminalize Brass Knuckles,MO Lower,Missouri,Wolfin,https://legiscan.com/MO/text/HB466/2025,Pro-Violence,"Brass knuckles are decriminalized, and a quarrel at a fuel stop turns physical; a traveler is struck in the face, suffering a split lip, swelling, and dizziness."
Allows the state to use nitrogen hypoxia to kill people,NE,Nebraska,Lippincott,https://legiscan.com/NE/drafts/LB432/2025,Pro-Violence,"A prison transport carrying execution equipment closes the roadside staging area during a tense protest. A surge through the crowd knocks a traveler down, leaving them bruised, breathless, and disoriented."
Lets teens have brass knuckles,NH Lower,New Hampshire,Spillane,https://legiscan.com/NH/text/HB207/id/3041612,Pro-Violence,A teenager flashes newly permitted brass knuckles during an argument at the rest stop; a traveler is punched in the ribs and left with sharp pain when breathing.
Let state start gassing people to death,OH Lower,Ohio,Stewart,https://legiscan.com/OH/sponsors/HB36/2025,Pro-Violence,"The state starts gassing people with nitrogen, and an equipment failure sends staff fleeing through the adjacent parking lot; a traveler panics, hyperventilates, and faints."
Legalizes brass knuckles,OK Upper,Oklahoma,Coleman,https://legiscan.com/OK/text/SB692/2025,Pro-Violence,"Brass knuckles become legal, and a dispute over a charging spot escalates; a traveler takes a blow to the temple and develops a pounding headache and nausea."
Eliminate civil rights protections,AR Upper,Arkansas,Sullivan,https://legiscan.com/AR/text/SB3/2025,Pro-Discrimination,"At a roadside diner, a clerk refuses your party service after hearing one traveler speak accented English. The confrontation leaves that traveler shaken and the group drives on hungry."
Ban cities from passing civil rights laws,IA Lower,Iowa,House Judiciary,https://legiscan.com/IA/drafts/HF2541/2025,Pro-Discrimination,"A city welcome center has stopped enforcing its nondiscrimination rule, and a hostile volunteer orders one of your travelers out. The humiliation triggers a panic attack before anyone can get back in the van."
Ban use of disparate impact,NH Lower,New Hampshire,Belcher,https://legiscan.com/NH/sponsors/HR6/2025,Pro-Discrimination,"A rental office says it can reject your party because no pattern of unequal treatment is provable. Searching for another room exhausts the driver, who nods off and clips a reflector, bruising a shoulder."
Allow state to give money to discriminatory organizations,SC Lower,South Carolina,Beach,https://www.scstatehouse.gov/billsearch.php?billnumbers=3121&session=126&summary=B,Pro-Discrimination,"A publicly supported roadside club posts a sign barring one member of your party. The argument turns ugly, and a thrown cup cuts that traveler's cheek."
Allowing hens to be caged,CO Lower,Colorado,Gonzalez,https://legiscan.com/CO/text/HB1074/id/3043324,Animal Cruelty,"At a farm stand, caged hens shriek and batter their wings as your party passes the cramped sheds. The noise keeps everyone awake in the van's overnight lot, leaving the driver trembling with fatigue."
Removes incentive to spay or neuter dogs,CT Upper,Connecticut,Sampson,https://legiscan.com/CT/text/SB644/2025,Animal Cruelty,An unneutered dog bolts from a yard and chases your van through a fuel stop. A traveler falls while trying to block it and twists an ankle.
Authorizes bail for people charged with aggravated animal cruelty,NY Lower,New York,Slater,https://legiscan.com/NY/bill/A01291/2025,Animal Cruelty,"A man accused of abusing animals is released near the same rural shelter where your party is resting. His angry return to the kennels sparks a scramble, and a traveler is knocked against a steel gate."
Lessen cockfighting penalties,OK Lower,Oklahoma,Humphrey,https://legiscan.com/OK/drafts/HB1313/2025,Animal Cruelty,"A cockfighting promoter advertises a lightly punished match beside the county fair. A bird breaks loose into your picnic, and a traveler is spurred in the palm while shooing it away."
Make cockfighting against robots legal,OK Lower,Oklahoma,Humphrey,https://legiscan.com/OK/text/HB1326/id/3082206,Animal Cruelty,"A fairground advertises robot-assisted cockfighting as harmless entertainment, but the machine's spinning arm fails during a demonstration. A metal shard lodges in a traveler's calf."
Loosens cockfighting penalties,OK Upper,Oklahoma,Woods,https://legiscan.com/OK/text/SB1111/id/3062060,Animal Cruelty,"With penalties eased, a roadside shed hosts another cockfight after dark. The crowd surges when a bird escapes, pinning one of your travelers against a van door and bruising their ribs."
Tax cut for exotic animal sales,TX Lower,Texas,Button,https://legiscan.com/TX/text/HB3303/id/3140847,Animal Cruelty,"An exotic-animal dealer's discount draws a crowd around a roadside cage. A frightened kinkajou bites a traveler's finger through the bars, and swelling makes steering painful."
Renaming Gulf of Mexico,AL Lower,Alabama,Standridge,https://legiscan.com/AL/text/HB247/2025,Cult of Personality,"Fresh maps at a visitor kiosk replace a familiar gulf name, and the old directions are taped over. Your party follows a confusing detour onto gravel; the jolting ride worsens a passenger's migraine."
Renaming the Gulf of Mexico to the Gulf of America,AR Lower,Arkansas,Pilkington,https://legiscan.com/AR/drafts/HR1010/2025,Cult of Personality,A service station has relabeled every map and fuel receipt with a new gulf name. Your party argues over conflicting signs until the driver misses a bend and slams a knee on the dashboard.
Require students call the Gulf of Mexico the Gulf of America,AZ Lower,Arizona,Martinez,https://legiscan.com/AZ/text/HB2700/id/3085827,Cult of Personality,"A school district requires students to use the new gulf name, and your party's traveler taking a temporary classroom job hears a heated argument over it. The confrontation leaves that traveler hyperventilating in the hot parking lot."
Renaming a state highway for Donald Trump,AZ Upper,Arizona,Rogers,https://legiscan.com/AZ/text/SCm1001/2025,Cult of Personality,"Crews have replaced highway signs with a politician's name, while the navigation app still gives the old route. Your van circles an interchange until a passenger vomits from motion sickness."
Renaming it the Gulf of America,FL Lower,Florida,Porras,https://legiscan.com/FL/drafts/HB549/2025,Cult of Personality,"A paper atlas and a newly painted coastal sign use different names for the same gulf. The driver brakes hard to read them, and an unbelted cooler strikes a traveler's shin."
Requires colleges to have roads named after Charlie Kirk,FL Lower,Florida,Steele,https://legiscan.com/FL/text/HB113/2026,Cult of Personality,A college has renamed its access road and removed the old arrows overnight. Your party takes a service lane that dead-ends at a locked gate; backing out in darkness leaves the driver with a strained neck.
Renaming PBI after Donald Trump,FL Lower,Florida,Mayfield,https://legiscan.com/FL/drafts/SB706/2026,Cult of Personality,"Airport shuttles now announce a new honoree while older signs point elsewhere. Your party drags luggage between terminals in the heat, and one traveler collapses with dehydration."
Renaming PBI after Trump,FL Lower,Florida,Weinberger,https://legiscan.com/FL/text/H0919/id/3293621,Cult of Personality,"The airport's old name has vanished from a printed pickup permit. A shuttle leaves your party behind, and the long wait in cold rain brings on a chest-deep cough."
Renames Gulf of Mexico,FL Upper,Florida,DiCeglie,https://legiscan.com/FL/text/S0608/id/3112514,Cult of Personality,A coastal chart has been revised with a new gulf label but the harbor's buoy guide has not. Your party follows the wrong access road and the van's suspension jolts a passenger's back.
Rename Gulf of Mexico,FL Upper,Florida,Gruters,https://legiscan.com/FL/text/SB1058/2025,Cult of Personality,"A motel clerk will only explain directions using the newly renamed gulf as a reference. The confusing explanation sends your party through construction, where a falling cone rack bruises a traveler's forearm."
Makes Charlie Kirk's birthday a holiday,FL Upper,Florida,Martin,https://legiscan.com/FL/text/SB194/2026,Cult of Personality,A surprise holiday closes the county records office where your party planned to retrieve a permit. The wasted night in the van leaves one traveler sleepless and irritable enough to snap at everyone.
Names highway for Donald Trump,IA Lower,Iowa,Wheeler,https://legiscan.com/IA/text/HB53/2025,Cult of Personality,A highway dedication has covered familiar mile markers with a new namesake. Your party misses its exit and reaches a steep ramp; the driver grips the wheel until a painful hand cramp sets in.
Naming a highway for Donald Trump,KY Lower,Kentucky,Roberts,https://apps.legislature.ky.gov/record/25rs/hjr8.html,Cult of Personality,"A renamed highway appears on banners but not on the navigation signs. Your van takes a narrow frontage road, and a mirror clips a post, sending glass into a traveler's cheek."
Rename it Gulf of America,MI Lower,Michigan,Greene,https://legiscan.com/MI/text/HB4244/2025,Cult of Personality,"A visitor center's coastal map uses the new gulf name while its trail pamphlet uses the old one. Your party hikes the wrong way under blazing sun, and a traveler develops heat exhaustion."
Honoring Trump's First 100 Days,MI Lower,Michigan,BeGole,https://legiscan.com/MI/bill/HR0076/2025,Cult of Personality,"A town's celebration of a leader's first hundred days blocks the only bridge through its center. Waiting in idling traffic fills the van with fumes, giving a passenger a splitting headache."
Renaming it the Gulf of America,MI Lower,Michigan,Maddock,https://legiscan.com/MI/drafts/HR93/2025,Cult of Personality,"A paper atlas and a newly painted coastal sign use different names for the same gulf. The driver brakes hard to read them, and an unbelted cooler strikes a traveler's shin."
Make Trump Derangement Syndrome a mental illness,MN Upper,Minnesota,Eichorn,https://legiscan.com/MN/text/SF2589/2025,Cult of Personality,"At a clinic, a receptionist treats a traveler's political distress as a named disorder and refuses ordinary counseling. The dismissal deepens that traveler's panic until they cannot sleep."
Spend $25K on statue of Charlie Kirk,MN Upper,Minnesota,Wesenberg,https://legiscan.com/MN/drafts/SF3777/2026,Cult of Personality,"A plaza statue unveiling crowds the fuel station beside your route. A jostling spectator knocks a heavy camera into a traveler's temple, leaving a painful welt."
Resolution stating Donald Trump didn't break any laws,MT Lower,Montana,Mitchell,https://legiscan.com/MT/text/HJ7/id/3096889,Cult of Personality,A courthouse display proclaims that a powerful man broke no laws and a guard repeats it while denying your party directions. The argument leaves one traveler shaking and too distracted to eat.
Lets Donald Trump vote and have a gun in Oklahoma even though he's a felon,OK Lower,Oklahoma,Hilbert,https://legiscan.com/OK/text/HB2292/id/3080786,Cult of Personality,"A roadside rally celebrates special political privileges, and its crowd surrounds your parked van demanding agreement. One traveler is shoved against the door and suffers a bruised hip."
Creating the Donald J. Trump Mass Deportation Revolving Fund,OK Lower,Oklahoma,Wilk,https://legiscan.com/OK/text/HB1932/id/3061104,Cult of Personality,A mass-deportation revolving fund finances an enforcement checkpoint that holds your van while officers inspect nearby vehicles. Heat trapped in the idling cabin leaves a traveler dizzy and nauseated.
Makes November 5 Donald Trump Day,OK Upper,Oklahoma,Prieto,https://legiscan.com/OK/text/SB1105/id/3082159,Cult of Personality,"A town festival closes its grocery and pharmacy for a leader's named day. After hours without medication, one traveler develops a pounding rebound headache."
Naming a highway after Trump,SC Lower,South Carolina,Crawford,https://legiscan.com/SC/sponsors/H4982/2026,Cult of Personality,"Old route signs have been removed for a highway renaming, leaving only hand-painted arrows. Your party follows one into a muddy shoulder, where a passenger slips while pushing and strains a wrist."
Name Nashville's Airport after Donald Trump,TN Lower,Tennessee,Warner,https://legiscan.com/TN/text/HB0217/id/3074276,Cult of Personality,The airport's new name confuses a rideshare driver and your party waits beside the exhaust lanes. A traveler breathes the fumes until dizziness forces them to sit on the curb.
Encourage teachers to call it the Gulf of America,TN Upper,Tennessee,Watson,https://legiscan.com/TN/drafts/SJR160/2025,Cult of Personality,A school tour guide corrects your party's map language and keeps the group outside during the dispute. The midday glare triggers a migraine in the youngest traveler.
Renaming the Gulf of Mexico,TX Lower,Texas,Cain,https://legiscan.com/TX/text/HB2246/id/3093528,Cult of Personality,"A marina has replaced its old gulf charts, but the rental clerk still gives directions by the former name. Your van takes a dead-end pier approach, and a sudden turn throws a passenger into a seatbelt bruise."
Renaming Gulf of Mexico,TX Lower,Texas,Metcalf,https://legiscan.com/TX/drafts/HB3634/2025,Cult of Personality,"Fresh maps at a visitor kiosk replace a familiar gulf name, and the old directions are taped over. Your party follows a confusing detour onto gravel; the jolting ride worsens a passenger's migraine."
Renaming a highway after Trump,TX Lower,Texas,Cain,https://legiscan.com/TX/text/HB3985/id/3156857,Cult of Personality,"New highway plaques conceal the exit numbers your party needs. The driver makes a late merge, and a truck's wake slams the van hard enough to leave a traveler nauseated."
Renaming the Mexican free-tailed bat as the Texas free-tailed bat,TX Lower,Texas,Tepper,https://legiscan.com/TX/drafts/HB5094/2025,Cult of Personality,"A bat exhibit has relabeled its specimens and moved the old guidebook to storage. A startled bat escapes during the confusion, and a traveler is scratched while ducking beneath a display."
Naming I-35 after Donald Trump,TX Lower,Texas,Shofner,https://legiscan.com/TX/text/HB5503/2025,Cult of Personality,"The interstate is promoted under a new name on billboards, while emergency dispatch still uses the old one. Your party misses a crash detour and sits in heat until one traveler faints."
Constitutional amendment renaming it Gulf of America,TX Upper,Texas,Middleton,https://legiscan.com/TX/drafts/SJR63/2025,Cult of Personality,"A revised coastal atlas conflicts with county road signs after a formal renaming. Your party follows the atlas onto a washed-out lane, and the jolts aggravate a passenger's lower-back pain."
Calling it the Gulf of America,TX Upper,Texas,Creighton,https://legiscan.com/TX/drafts/SCR38/2025,Cult of Personality,"A ferry terminal announces only the new gulf name, confusing your party's reservation and boarding lane. Running between gates leaves a traveler breathless and with a pulled calf muscle."
Name highest point in the state after Trump,WV Lower,West Virginia,Coop-Gonzalez,https://legiscan.com/WV/text/HCR33/2025,Cult of Personality,"A mountain trailhead now bears a new honoree, and the old landmark is missing from the map. Your party climbs the wrong spur before turning back; one traveler slips on loose rock and cuts a knee."
Vouchers,CA Upper,California,Grove,https://legiscan.com/CA/drafts/SCA1/2025,Defund Schools,"Voucher funding has drained the town school budget, closing its community evening program while families crowd a library shelter. Your party shares the floor all night, and the sleepless driver develops shaking hands."
Pro-school choice resolution,CO Upper,Colorado,Lundeen,https://legiscan.com/CO/text/SR9/2025,Defund Schools,A school-choice rally occupies the rest stop where your party planned to eat. A shouting match over flyers leaves one traveler with a split lip.
Vouchers,CT Lower,Connecticut,Dubitsky,https://legiscan.com/CT/drafts/HB6202/2025,Defund Schools,"Voucher funding has drained the town school budget, closing its community evening program while families crowd a library shelter. Your party shares the floor all night, and the sleepless driver develops shaking hands."
School vouchers,CT Upper,Connecticut,Sampson,https://legiscan.com/CT/text/SB503/2025,Defund Schools,"Voucher funding has cut the local school's meal program, leaving your party unable to buy the inexpensive dinner it expected at the community center. One hungry passenger becomes motion-sick and painfully dehydrated."
Vouchers,HI Lower,Hawaii,Alcos,https://legiscan.com/HI/text/HB273/2025,Defund Schools,"Voucher funding has drained the town school budget, closing its community evening program while families crowd a library shelter. Your party shares the floor all night, and the sleepless driver develops shaking hands."
Vouchers,ID Lower,Idaho,Education Committee,https://legiscan.com/ID/text/H0039/id/3071958,Defund Schools,"Voucher funding has drained the town school budget, closing its community evening program while families crowd a library shelter. Your party shares the floor all night, and the sleepless driver develops shaking hands."
Eliminate compulsory education,ID Lower,Idaho,State Affairs Committee,https://legiscan.com/ID/text/HJR001/id/3091397,Defund Schools,"With compulsory education eliminated, the town school no longer offers the temporary tutoring session your party arranged. A traveler who depended on that routine becomes distressed and refuses food for the day."
End compulsory education,ID Lower,Idaho,House Education,https://legiscan.com/ID/drafts/HJR9/2026,Defund Schools,"Ending compulsory education has emptied the town's after-school shelter, which your party expected to use during a cold snap. Waiting outside instead leaves one traveler with numb, aching fingers."
Vouchers,IL Lower,Illinois,Miller,https://legiscan.com/IL/drafts/HB2820/2025,Defund Schools,"Voucher funding has drained the town school budget, closing its community evening program while families crowd a library shelter. Your party shares the floor all night, and the sleepless driver develops shaking hands."
Support eliminating DoE,IN Lower,Indiana,Teshka,https://legiscan.com/IN/text/HCR41/2025,Defund Schools,"A resolution supporting elimination of the Department of Education unsettles the school shelter staff, who cancel your party's scheduled storm-shelter tour. The driver waits out the weather in the van and suffers dangerous exhaustion."
School vouchers,MI Upper,Michigan,Nesbitt,https://legiscan.com/MI/drafts/SB320/2025,Defund Schools,"Voucher funding has cut the local school's meal program, leaving your party unable to buy the inexpensive dinner it expected at the community center. One hungry passenger becomes motion-sick and painfully dehydrated."
Vouchers,MN Lower,Minnesota,Kresha,https://legiscan.com/MN/text/HF19/id/3071447,Defund Schools,"Voucher funding has drained the town school budget, closing its community evening program while families crowd a library shelter. Your party shares the floor all night, and the sleepless driver develops shaking hands."
Vouchers,MN Upper,Minnesota,Lucero,https://legiscan.com/MN/text/SF1007/id/3103485,Defund Schools,"Voucher funding has drained the town school budget, closing its community evening program while families crowd a library shelter. Your party shares the floor all night, and the sleepless driver develops shaking hands."
No more transportation or meals for half-day Kindergarten,NH Lower,New Hampshire,Ammon,https://legiscan.com/NH/text/HB319/id/3043211,Defund Schools,"A half-day kindergarten bus no longer runs, so families crowd the only shuttle serving the station. Your party gives up its seats; standing with luggage leaves a traveler's ankle swollen."
Eliminate traditional public schools,NH Lower,New Hampshire,Osborne,https://legiscan.com/NH/drafts/HB1358/2026,Defund Schools,"The traditional public school has been converted into private classrooms and its community restroom is locked. After hours on the road, a traveler becomes painfully dehydrated while searching for another stop."
Vouchers,NM Lower,New Mexico,Montoya,https://legiscan.com/NM/text/HJR16/id/3111433,Defund Schools,"Voucher funding has drained the town school budget, closing its community evening program while families crowd a library shelter. Your party shares the floor all night, and the sleepless driver develops shaking hands."
Ask Congress to eliminate Department of Education,OK Lower,Oklahoma,Hilbert,https://legiscan.com/OK/bill/HCR1025/2026,Defund Schools,"A town meeting about abolishing the education department closes the civic center's storm shelter early. Your party rides out the thunder in the van, and a falling branch cracks the roof, showering one traveler with splinters."
Ban social workers in schools,OK Upper,Oklahoma,Jett,https://legiscan.com/OK/drafts/SB1739/2026,Defund Schools,"A school shelter has no social worker to calm families after a siren test. A panicked traveler bolts into the parking lot and falls hard on the curb, scraping both palms."
School nurse ban,OK Upper,Oklahoma,Jett,https://legiscan.com/OK/drafts/SB1634/2026,Defund Schools,"The school nurse's office is locked, so a traveler with a worsening blister gets no basic care. By evening the foot is swollen and every step hurts."
Vouchers,OR Upper,Oregon,Smith,https://legiscan.com/OR/text/SJR33/id/3144664,Defund Schools,"Voucher funding has drained the town school budget, closing its community evening program while families crowd a library shelter. Your party shares the floor all night, and the sleepless driver develops shaking hands."
Vouchers,PA Lower,Pennsylvania,D'Orsie,https://legiscan.com/PA/text/HB1258/2025,Defund Schools,"Voucher funding has drained the town school budget, closing its community evening program while families crowd a library shelter. Your party shares the floor all night, and the sleepless driver develops shaking hands."
Support elimination of Department of Education,PA Upper,Pennsylvania,Keefer,https://legiscan.com/PA/text/SR68/2025,Defund Schools,"A resolution supporting elimination of the Department of Education prompts a local school board to freeze its outreach budget, closing the library's tutoring room. Your party waits in rain, and one traveler catches a chill that turns into a fever."
Vouchers,RI Upper,Rhode Island,de la Cruz,https://legiscan.com/RI/text/S0112/id/3093224,Defund Schools,"Voucher funding has drained the town school budget, closing its community evening program while families crowd a library shelter. Your party shares the floor all night, and the sleepless driver develops shaking hands."
Vouchers,RI Upper,Rhode Island,Morgan,https://legiscan.com/RI/drafts/SB2540/2026,Defund Schools,"Voucher funding has drained the town school budget, closing its community evening program while families crowd a library shelter. Your party shares the floor all night, and the sleepless driver develops shaking hands."
Defunding a specific school district,SD Lower,South Dakota,Jensen,https://legiscan.com/SD/bill/HB1224/2025,Defund Schools,"A defunded district has boarded up its restrooms and water fountains. Your party goes hours without relief, and a traveler develops a painful dehydration headache."
Eliminate compulsory education,TN Lower,Tennessee,Barrett,https://legiscan.com/TN/text/HJR0092/id/3096669,Defund Schools,"With compulsory education eliminated, the town school no longer offers the temporary tutoring session your party arranged. A traveler who depended on that routine becomes distressed and refuses food for the day."
Ban state Department of Education,TX Lower,Texas,Hopper,https://legiscan.com/TX/text/HB2657/2025,Defund Schools,"A proposal to ban the state Department of Education leaves a school shelter's temporary tutoring program unfunded while officials debate it. Your party waits outside in cold rain, and a passenger develops a painful chest cough."
Vouchers,TX Lower,Texas,Buckley,https://legiscan.com/TX/text/HB3/id/3132356,Defund Schools,"Voucher funding has drained the town school budget, closing its community evening program while families crowd a library shelter. Your party shares the floor all night, and the sleepless driver develops shaking hands."
Limits school districts' ability to increase expenditures,TX Lower,Texas,Toth,https://legiscan.com/TX/text/HB3537/id/3149123,Defund Schools,"A spending cap leaves a school bus depot without enough mechanics to clear a storm route. Your party takes a rough bypass, and repeated jolts aggravate a traveler's neck strain."
Vouchers,VT Lower,Vermont,Tagliavia,https://legiscan.com/VT/drafts/HB89/2025,Defund Schools,"Voucher funding has drained the town school budget, closing its community evening program while families crowd a library shelter. Your party shares the floor all night, and the sleepless driver develops shaking hands."
Lowering the number of school days to 160,WV Lower,West Virginia,Vance,https://legiscan.com/WV/text/HB3102/2025,Defund Schools,Shortened school calendars leave the usual summer library program closed when your party arrives. A traveler spends the hot afternoon outside with no shade and suffers heat cramps.
Eliminate standards for private schools,WV Upper,West Virginia,Hart,https://legiscan.com/WV/text/SB929/2025,Defund Schools,A private school on the route has dropped basic safety standards and stores chemicals beside its visitor path. A leaking container burns a traveler's forearm before staff find water.
Eliminate standards for public schools,WV Upper,West Virginia,Hart,https://legiscan.com/WV/text/SB930/2025,Defund Schools,"A public school without standards has no posted emergency map during a windstorm. Your party shelters in the wrong hallway, where shattered glass cuts one traveler's ankle."
Make it easier to jack up rent,CO Lower,Colorado,Winter,https://legiscan.com/CO/text/HB1092/id/3077073,Increase Housing Costs,"A motel owner raises the weekly rate at check-in and refuses to honor the posted price. Your party sleeps cramped in the van, and a traveler wakes with a severe back spasm."
Allows towns to ban affordable housing,CT Lower,Connecticut,Courpas,https://legiscan.com/CT/text/HB5114/2025,Increase Housing Costs,"A town has banned the affordable apartment complex that once housed road crews, leaving every motel full. After driving on, a passenger becomes anxious and vomits from exhaustion."
Allows towns to opt out of building housing,CT Lower,Connecticut,Mastrofrancesco,https://legiscan.com/CT/bill/HJ00012/2025,Increase Housing Costs,"The town has opted out of building new housing, leaving every cheap room occupied. Your party sleeps in the van on a sloped shoulder, and one traveler falls from the step and sprains a wrist."
Rent Control Ban,NE,Nebraska,Dover,https://legiscan.com/NE/text/LB266/2025,Increase Housing Costs,A rent-control ban lets a residential sublet raise its monthly price beyond your party's budget. Sleeping in the hot van instead leaves one traveler wheezing from exhaust and dust.
Eliminate rent control,NY Lower,New York,Fitzpatrick,https://legiscan.com/NY/text/A7705/2025,Increase Housing Costs,"With rent controls eliminated, an apartment manager raises the monthly rent after your party has unloaded its bags. Repacking in rain leaves a traveler chilled, feverish, and unable to rest."
Trying to take part of Illinois,IA Lower,Iowa,Collins,https://legiscan.com/IA/text/HF2141/2026,Interstate Aggression,"A county line is contested by rival Illinois signs, and both claim the same fuel stop. A hostile crowd blocks your van, and a traveler is struck in the shoulder by a tossed bottle."
Try to take over Southern Minnesota,IA Upper,Iowa,Bousselot,https://legiscan.com/IA/drafts/SB354/2025,Interstate Aggression,"Southern Minnesota's takeover talk has put up competing barricades on the county road. Your party detours through deep gravel, where a passenger bites their tongue during a hard jolt."
Starts process of ceding part of the state to Indiana,IL Lower,Illinois,Halbrook,https://legiscan.com/IL/text/HB1500/2025,Interstate Aggression,"A sign says the county is being ceded to Indiana while the next sign denies it, confusing the route to your motel. The driver brakes suddenly at a barricade, and a traveler suffers a whiplash headache."
Seize parts of Illinois,IN Lower,Indiana,Huston,https://legiscan.com/IN/text/HB1008/2025,Interstate Aggression,"People claiming seized Illinois land demand tolls from passing vehicles. When your party refuses, a thrown stone cracks a window and cuts a traveler's forehead."
Rename Delaware Bay as Bay of New Jersey,NJ Upper,New Jersey,Testa,https://legiscan.com/NJ/bill/SB4670/2025,Interstate Aggression,"A bay renaming has replaced the old ferry notices, and your party queues at the wrong dock. Rushing across the lot, a traveler slips on algae and badly bruises a knee."
Counties can secede and join Texas,NM Lower,New Mexico,Pettigrew,https://legiscan.com/NM/drafts/HJR10/2026,Interstate Aggression,"County-secession banners divide the roadside town, and a hostile group surrounds your van when it crosses the wrong side. A traveler is yanked from the door and dislocates a shoulder."
Secede from Oregon to join Idaho,OR Lower,Oregon,Owens,https://legiscan.com/OR/text/HB3488/id/3097070,Interstate Aggression,"Oregon and Idaho flags mark different versions of the same county road. Your party follows the wrong boundary patrol route into darkness, and the exhausted driver develops tunnel-vision anxiety."
Effectively allow for secession from Washington State,WA Lower,Washington,Chase,https://legiscan.com/WA/text/HB2085/2025,Interstate Aggression,"A Washington county has placed confusing secession checkpoints along the highway. Your party waits for hours in cold rain, leaving one traveler with numb feet and a deep cough."
Allows doctor to opt out of treating patients for any reason,CO Lower,Colorado,Luck,https://legiscan.com/CO/text/HB1255/id/3116511,Bad Doctors,"A clinic physician refuses to examine a traveler's infected scrape for a personal reason. The wound worsens overnight, bringing fever and throbbing pain."
Allows doctors and nurses to refuse to do things they don't believe in,NE,Nebraska,Murman,https://legiscan.com/NE/text/LB655/id/3072248,Bad Doctors,A nurse declines to change a traveler's dressing because she objects to the treatment plan. The exposed wound catches road dust and leaves the patient shivering with fear.
Let doctors refuse treatments they don't like,OK Lower,Oklahoma,West,https://legiscan.com/OK/drafts/HB3136/2026,Bad Doctors,"A doctor refuses the anti-nausea treatment your motion-sick traveler requests. The repeated vomiting leaves that traveler weak, dizzy, and unable to keep water down."
Allows medical personal to refuse to take any action for any reason,OK Upper,Oklahoma,Jett,https://legiscan.com/OK/text/SB665/2025,Bad Doctors,"At an urgent-care desk, staff say they may take no action for any reason and send your party away. A traveler with a sprained ankle tries to walk back to the van and collapses."
Allow doctors to refuse treatments,OK Upper,Oklahoma,Jett,https://legiscan.com/OK/drafts/SB1798/2026,Bad Doctors,A physician rejects a needed treatment after hearing a traveler's beliefs. The untreated pain prevents sleep and leaves that traveler trembling through the next day's drive.
Allow doctors to refuse to operate for any reason,RI Upper,Rhode Island,Morgan,https://legiscan.com/RI/text/SB305/2025,Bad Doctors,"A surgeon refuses to operate on a deep laceration because the case offends his convictions. The wound reopens during the ride, soaking a bandage and causing shock-like weakness."
Allows doctor to refuse to do any action for any reason,SD Lower,South Dakota,Andera,https://legiscan.com/SD/text/HB1223/id/3100013,Bad Doctors,"The only doctor at a rural clinic refuses even to order an examination. Your feverish traveler spends the night curled on the van floor, growing confused and dehydrated."
Allow doctors to refuse to operate for any reason,TX Lower,Texas,Oliverson,https://legiscan.com/TX/text/HB2816/2025,Bad Doctors,"A surgeon refuses to operate on a deep laceration because the case offends his convictions. The wound reopens during the ride, soaking a bandage and causing shock-like weakness."
Allow doctors to refuse to perform tasks,UT Upper,Utah,Stratton,https://legiscan.com/UT/drafts/SB0174/2026,Bad Doctors,A medical worker declines a simple splinting task at the roadside clinic. The injured traveler braces the arm alone and worsens the swelling while loading luggage.
Praising Shen Yun,GA Lower,Georgia,Reeves,https://legiscan.com/GA/drafts/HR1068/2026,Cult Veneration,"A civic kiosk praises Shen Yun and funnels visitors into a loud promotional hall. The pounding music triggers a traveler's migraine, forcing the party to leave without dinner."
Honoring Shen Yun,IN Lower,Indiana,Haggard,https://legiscan.com/IN/text/HCR44/2025,Cult Veneration,"A roadside ceremony honors Shen Yun beside the only public benches. A crowd presses close around your party, and one traveler trips over a discarded banner stand and cuts a shin."
Declaring Shen Yun Day,TX Lower,Texas,Oliverson,https://legiscan.com/TX/text/HR72/2025,Cult Veneration,"Shen Yun Day closes the town theater and library, including the cool room your party needed during a heat wave. A traveler becomes dizzy and vomits after waiting outside."
Makes it easier for debt collectors to harass you,FL Lower,Florida,Gossett-Seidman,https://legiscan.com/FL/text/HB147/2025,Anti-Consumer,"A debt collector calls the motel room repeatedly and threatens to find your party on the road. The sleepless night leaves the driver jittery, and a sudden swerve bruises a passenger's ribs."
Legalize pyramid schemes,MO Lower,Missouri,Jones,https://legiscan.com/MO/text/HB1120/id/3090123,Anti-Consumer,"A cheerful roadside seminar promises quick wealth through a pyramid scheme and pressures your party to buy in. Leaving abruptly, a traveler slips on the wet entry ramp and strains a hip."
Urge Trump to dismantle CFPB,MO Lower,Missouri,Owen,https://legiscan.com/MO/text/HR116/id/3077371,Anti-Consumer,"A lender boasts that politicians want to dismantle the consumer bureau while refusing to correct a gas-station payment error. The dispute keeps your party waiting, and one traveler develops chest-tightness and panic."
Makes it easier for telemarketers to call elderly people asking about Medicare Advantage programs,MS Lower,Mississippi,Powell,https://legiscan.com/MS/text/HB1177/id/3067807,Anti-Consumer,"Telemarketers repeatedly call an elderly traveler in your party about a Medicare plan, even after bedtime. The lost sleep leaves that traveler confused and nauseated during the next leg."
Grant immunity to crypto scammers,RI Lower,Rhode Island,Place,https://legiscan.com/RI/text/H5564/id/3143230,Anti-Consumer,"A crypto scammer invokes new immunity protections while refusing to return your party's deposit, making recovery nearly impossible. The loss leaves a traveler panicked, hungry, and unable to sleep."
Jack up interest rates on payday loans,TX Lower,Texas,Lambert,https://legiscan.com/TX/text/HB4339/2025,Anti-Consumer,"A payday lender offers emergency cash at a punishing rate after your van repair. The repayment panic keeps a traveler awake for two nights, leaving them shaking and sick."
Make it easier to scam crypto holders,WI Upper,Wisconsin,Cabral-Guevara,https://legiscan.com/WI/sponsors/SB885/2026,Anti-Consumer,"A roadside crypto kiosk tricks a traveler into scanning a wallet code, then drains the trip fund. The shock causes that traveler to hyperventilate and faint against the van's step."
Eliminates state law that it's in the best interest of the child to have time with both parents,AZ Lower,Arizona,Keshel,https://legiscan.com/AZ/text/HB2718/id/3091594,Culture War,"A parent at the rest stop says the other parent can no longer count on scheduled time with their child. The argument becomes tearful, and one traveler develops a stress headache that lasts all afternoon."
Porn ban,AZ Lower,Arizona,Powell,https://legiscan.com/AZ/drafts/HB2900/2026,Culture War,"An adult traveler in your party is subjected to an invasive age check under a pornography ban, and the clerk threatens to record the result. The harassment leaves that traveler trembling and sleepless."
Banning Sharia Law,FL Lower,Florida,Cassel,https://legiscan.com/FL/text/HB119/2026,Culture War,"A roadside sign announces a ban on Sharia law, and a hostile crowd questions a traveler's faith. The confrontation ends with a slammed van door crushing that traveler's fingers."
Banning CAIR,ID Lower,Idaho,House State Affairs,https://legiscan.com/ID/sponsors/HCR29/2026,Culture War,"A community table is being cleared under a ban on CAIR, and volunteers tell your party to move along. One traveler trips over the folded table and scrapes a knee badly."
Sharia Law Ban,ID Upper,Idaho,Foreman,https://legiscan.com/ID/drafts/S1233/2025,Culture War,"A museum cancels its guide because staff fear discussing Sharia law. Your party wanders a poorly marked trail instead, and a traveler slips down an embankment and sprains an ankle."
Ban public funds from being used on the occult,MN Upper,Minnesota,Wesenberg,https://legiscan.com/MN/drafts/SF3774/2026,Culture War,"A publicly funded venue drops its occult-themed evening event after a ban on such spending, eliminating the temporary job one traveler expected. Missing that shift means no dinner, and the traveler grows weak and dizzy."
Letting a shadowy right wing cabal take over the House for the day,MO Lower,Missouri,Riley,https://legiscan.com/MO/bill/HR196/2025,Culture War,"A shadowy faction has taken over the local House for a day and blocks the civic parking lot. A shouted confrontation spills into traffic, where a traveler is clipped by a swinging sign."
Sharia Law Ban,MO Lower,Missouri,Jordan,https://legiscan.com/MO/text/HB2139/id/3287309,Culture War,"A museum cancels its guide because staff fear discussing Sharia law. Your party wanders a poorly marked trail instead, and a traveler slips down an embankment and sprains an ankle."
Ban Sharia Law,MO Lower,Missouri,Whaley,https://legiscan.com/MO/drafts/HB3338/2026,Culture War,"A courthouse display celebrates a Sharia-law ban, and a guard singles out one traveler for questioning. The ordeal leaves that traveler panicked, nauseated, and unable to sleep."
State recognition of the kingship of Jesus Christ,MT Lower,Montana,Schubert,https://legiscan.com/MT/text/HJ22/2025,Culture War,A roadside chapel declares Christ king over the state and bars anyone who will not join the pledge. A traveler is shoved during the exit and lands hard on a bruised tailbone.
Urging the state to acknowledge the Kingship of Christ,ND Lower,North Dakota,Rios,https://legiscan.com/ND/text/HCR3020/id/3092462,Culture War,"A public ceremony urges the state to acknowledge Christ's kingship and seals the town square. Your party detours along a rutted lane, jolting a passenger's injured back."
Allows religious sects to not purchase workers comp insurance,NY Lower,New York,Molitor,https://legiscan.com/NY/drafts/A4368/2025,Culture War,"A religious sect may opt out of workers' compensation, so a traveler taking a day job there receives no coverage after a loading accident. The untreated ankle swells painfully while the party continues west."
Ban on Sharia Law,OK Upper,Oklahoma,Frix,https://legiscan.com/OK/drafts/SB1681/2026,Culture War,"A fuel station's banner calls for a Sharia-law ban, and customers turn hostile when a traveler asks for directions. A thrown cup strikes that traveler's eye and leaves it swollen shut."
Sharia Law Ban,OK Upper,Oklahoma,McIntosh,https://legiscan.com/OK/drafts/SB1724/2026,Culture War,"A museum cancels its guide because staff fear discussing Sharia law. Your party wanders a poorly marked trail instead, and a traveler slips down an embankment and sprains an ankle."
Designating CAIR terrorist org,OK Upper,Oklahoma,Bergstrom,https://legiscan.com/OK/drafts/SB1486/2026,Culture War,"A sign labels CAIR a terrorist organization, and a crowd repeats the accusation at your van. The intimidation sends one traveler into a panic attack with shaking and short breath."
Designating BLM a domestic terror organization,OK Upper,Oklahoma,Jett,https://legiscan.com/OK/drafts/SB1754/2026,Culture War,"A town meeting labels a racial-justice group domestic terrorism and blocks its supporters from the rest stop. Your party is caught in the crush, and a traveler is knocked down and bruised."
Requiring strippers get registered,OK Upper,Oklahoma,Jett,https://legiscan.com/OK/text/SB1284/id/3292550,Culture War,A registration rule forces an adult entertainer traveling with your party to submit personal details before a temporary performance job. The public check delays the van and leaves that traveler humiliated with a stress-induced nosebleed.
Sharia law ban,OK Upper,Oklahoma,Hamilton,https://legiscan.com/OK/text/SB1679/id/3314507,Culture War,A roadside patrol questions your party about the Sharia-law ban and searches the van for pamphlets. The hours of tension leave a traveler dehydrated and trembling.
Declaring that Christ is King,OK Upper,Oklahoma,Dahm,https://legiscan.com/OK/drafts/SCR19/2026,Culture War,"A town square ceremony declares Christ king and closes the pedestrian route to your fuel stop. Your party takes a hot shoulder walk, and one traveler gets blisters that split and bleed."
Declaring that Christ is King,OK Upper,Oklahoma,Olsen,https://legiscan.com/OK/bill/HCR1023/2026,Culture War,"A town square ceremony declares Christ king and closes the pedestrian route to your fuel stop. Your party takes a hot shoulder walk, and one traveler gets blisters that split and bleed."
Says the Abrahamic God is the only God,SC Lower,South Carolina,Lastinger,https://legiscan.com/SC/drafts/H5325/2025,Culture War,A museum guide insists only one Abrahamic God may be acknowledged and mocks another traveler's faith. The insult sparks a panic episode that leaves that traveler vomiting behind the van.
Encourage fasting in July,SD Lower,South Dakota,Randolph,https://legiscan.com/SD/text/SCR604/id/3330018,Culture War,"A July fasting campaign closes the only roadside lunch counter until sunset. Your party goes too long without food, and a traveler becomes faint with a pounding headache."
Limits number of foreign athletes who can get scholarships,TX Upper,Texas,Creighton,https://legiscan.com/TX/text/SB1319/2025,Culture War,A college information booth says foreign athletes can no longer receive the advertised scholarship. A stranded student traveling with your party breaks down crying and develops a stress migraine.
State intervention in ecclesiastical disputes,WV Lower,West Virginia,Burkhammer,https://legiscan.com/WV/sponsors/HB4381/2026,Culture War,"State officials intervene in a church dispute and seal the parish hall used as a storm shelter. Your party rides out the storm in the van, where a flying branch bruises a traveler's shoulder."
Ban contracts with anyone who does fact checking,WV Upper,West Virginia,Azinger,https://legiscan.com/WV/text/SB531/2026,Culture War,"A state contract excludes anyone who performs fact checking, costing a traveler in your party a public freelance assignment while they are on the road. The lost fee means skipped meals and severe sleeplessness."
State-created gold backed currency,AR Lower,Arkansas,McAlindon,https://legiscan.com/AR/text/HB1918/2025,Anti-Money,"A roadside exchange accepts only the new state gold-backed notes, which your party does not have. After hours searching for a converter, a traveler develops dehydration and a splitting headache."
State level gold standard,IA Lower,Iowa,Golding,https://legiscan.com/IA/text/HF325/id/3112384,Anti-Money,"A gold-standard rule creates an assay backlog as another customer pays in metal at the gas station. Your party waits for fuel, and a traveler grows faint and nauseated from missing lunch."
Invest 20% of state funds in precious metals,IA Lower,Iowa,Shipley,https://legiscan.com/IA/drafts/HF2414/2026,Anti-Money,"State funds have shifted into precious metals, leaving the rural clinic short on supplies. A traveler waits without a needed inhaler and begins wheezing in the parking lot."
Require stores to take gold/silver,IA Upper,Iowa,Alons,https://legiscan.com/IA/drafts/SF2195/2026,Anti-Money,"A grocery store must accept gold or silver, and its cashier pauses your purchase to weigh another customer's coins. The delay leaves your hungry traveler dizzy and shaky in the checkout line."
Require stores to take gold & silver,ID Upper,Idaho,Senate State Affairs,https://legiscan.com/ID/sponsors/S1323/2026,Anti-Money,"A cashier must verify a silver payment while another customer's metal is tested, and your party's refrigerated food warms in the heat. A hungry traveler grows dizzy and vomits before the van can leave."
Encourages state to invest in precious metals,ID Upper,Idaho,Senate State Affairs,https://legiscan.com/ID/drafts/SB1421/2026,Anti-Money,"A town treasury's precious-metal investment has emptied its road-maintenance budget. Your van hits an unrepaired pothole, and a passenger's head snaps painfully against the window."
Require stores take gold and silver,KY Upper,Kentucky,Rawlings,https://legiscan.com/KY/sponsors/SB99/2026,Anti-Money,"A store must accept gold and silver, but an assay backlog keeps your party behind another metal-paying customer. Waiting in the cold doorway gives one traveler numb toes and a cough."
Require businesses to accept gold or silver,MI Lower,Michigan,Carra,https://legiscan.com/MI/text/HB5128/id/3274520,Anti-Money,"A mechanic is required to accept silver and pauses your tire repair while weighing a previous customer's coins. The stranded party spends the night in the van, and a traveler wakes with a stiff, aching back."
Require stores to accept gold and silver,MN Upper,Minnesota,Bahr,https://legiscan.com/MN/drafts/SF4648/2026,Anti-Money,"A pharmacy's metal assay delays a prescription pickup until closing. Missing the dose leaves a traveler feverish, confused, and frightened through the night."
Require state buy gold,MS Lower,Mississippi,Carpenter,https://legiscan.com/MS/text/HB1531/2026,Anti-Money,"The state's gold purchases have tied up budget money, delaying a roadside rescue contract. Your party waits beside the disabled van in the heat, and a traveler becomes dizzy and dehydrated."
Require merchants to take gold and silver,OK Upper,Oklahoma,Deevers,https://legiscan.com/OK/drafts/SB2058/2026,Anti-Money,A diner must accept silver but pauses your order while weighing another customer's coins. The growing line and missed meal leave one traveler shaking with hunger and embarrassment.
Require stores to take gold and silver,OK Upper,Oklahoma,Jett,https://legiscan.com/OK/drafts/SB1838/2026,Anti-Money,"A general store must accept gold, but its scale is occupied verifying another customer's payment. The delay in the sweltering queue leaves a traveler weak, dizzy, and badly sunburned."
Require merchants take gold and silver,OK Upper,Oklahoma,Jett,https://legiscan.com/OK/drafts/SB1785/2026,Anti-Money,"A merchant must accept precious metal and pauses your purchase while an earlier customer's coins are assayed. The delay runs past dark, and the exhausted driver develops blurred vision and a pounding headache."
Invest state money in gold,TN Upper,Tennessee,Bailey,https://legiscan.com/TN/text/SB1812/2025,Anti-Money,"Public investment in gold has closed the small-town bridge for repairs that never began. Your party takes a rocky crossing, where a passenger's ankle is bruised by loose stones."
Require stores to accept gold and silver,TN Upper,Tennessee,Bailey,https://legiscan.com/TN/drafts/SB1813/2025,Anti-Money,"A pharmacy's metal assay delays a prescription pickup until closing. Missing the dose leaves a traveler feverish, confused, and frightened through the night."
Require stores to accept gold and silver,TN Upper,Tennessee,Taylor,https://legiscan.com/TN/sponsors/SB1827/2025,Anti-Money,"A pharmacy's metal assay delays a prescription pickup until closing. Missing the dose leaves a traveler feverish, confused, and frightened through the night."
Payment system based on the gold standard,UT Lower,Utah,Ivory,https://legiscan.com/UT/text/HB0195/id/3303602,Anti-Money,A gold-standard payment system rejects the van's emergency card at a fuel pump. Pushing the heavy vehicle leaves a traveler's lower back spasming.
Create gold-backed cryptocurrency,WV Lower,West Virginia,Anders,https://legiscan.com/WV/text/HB4673/2026,Anti-Money,"A gold-backed cryptocurrency kiosk freezes while your party pays for lodging. The stranded traveler panics, then faints from skipped meals and heat."
Encourage people to invest in gold,WV Lower,West Virginia,Anders,https://legiscan.com/WV/drafts/HB5519/2026,Anti-Money,"A roadside seminar urges your party to invest its food money in gold. The lost cash forces a night without dinner, and a traveler wakes nauseated and weak."
Require stores to take gold & silver,WV Lower,West Virginia,Funkhouser,https://legiscan.com/WV/drafts/HB5604/2025,Anti-Money,"A cashier must verify a silver payment while another customer's metal is tested, and your party's refrigerated food warms in the heat. A hungry traveler grows dizzy and vomits before the van can leave."
Establishes a state digital currency backed by gold,WV Upper,West Virginia,Puertas Rucker,https://legiscan.com/WV/text/SB441/2025,Anti-Money,"A state gold-backed digital wallet goes offline at the only motel. Your party sleeps upright in the van, and one traveler develops a severe neck cramp."
Require stores to accept gold and silver,WV Upper,West Virginia,Rucker,https://legiscan.com/WV/sponsors/SB413/2026,Anti-Money,"A pharmacy's metal assay delays a prescription pickup until closing. Missing the dose leaves a traveler feverish, confused, and frightened through the night."
Immigrants banned from public office,AL Upper,Alabama,Chesteen,https://legiscan.com/AL/drafts/SB21/2026,Blood and Soil,A roadside election office rejects an immigrant traveler's application for a state office under the new restriction. The public refusal leaves them humiliated and too distressed to eat.
Only natural born citizens can run for state office,AL Upper,Alabama,Chesteen,https://legiscan.com/AL/drafts/SB21/2026,Blood and Soil,A foreign-born traveler in your party learns their candidacy for state office is disallowed despite their experience. The rejection triggers shaking and a lingering panic headache.
Makes harboring a potentially illegal immigrant a felony,AR Lower,Arkansas,Long,https://legiscan.com/AR/text/HB1655/2025,Blood and Soil,A motel owner fears felony charges for sheltering a migrant family and orders them into the rain. Your party watches helplessly; one traveler becomes feverish after spending the night searching for blankets.
Giving ICE immunity from prosecution,ID Upper,Idaho,Senate State Affairs,https://legiscan.com/ID/drafts/S1298/2026,Blood and Soil,An immigration officer's vehicle cuts through the campground without stopping for its own damage. A mirror strikes your van and sends glass into a traveler's forearm.
Ban on immigrants holding state office,KY Lower,Kentucky,Baker,https://legiscan.com/KY/drafts/HB259/2026,Blood and Soil,A born-abroad traveler in your party is removed from consideration for a state office they had planned to seek. The public rejection leaves them crying and unable to focus on the road.
Ban hiding an immigrant in your house,MI Lower,Michigan,Johnsen,https://legiscan.com/MI/text/HB4336/2025,Blood and Soil,"A frightened motel manager refuses a room after seeing a migrant family near your party. Everyone sleeps cramped in the van, and a traveler wakes with a painful rib spasm."
Show us your papers law,MO Lower,Missouri,Billington,https://legiscan.com/MO/drafts/HB1129/2025,Blood and Soil,"A checkpoint demands papers from every traveler, including a citizen who left their wallet in the luggage. Hours in the sun leave that traveler faint and dehydrated."
Ban ICE protests at high schools,MO Lower,Missouri,Seitz,https://legiscan.com/MO/drafts/HB3309/2026,Blood and Soil,"A high-school protest against immigration enforcement is fenced off, blocking your party's route to the shelter. A thrown object from the crowd cuts a traveler's scalp."
Ban immigrants from holding state offices,MS Upper,Mississippi,Blackwell,https://legiscan.com/MS/text/SC501/2026,Blood and Soil,"A born-abroad traveler in your party is barred from a state office they had hoped to join. The failed candidacy forces an emotional roadside stop, and their stress worsens a passenger's back pain."
Banning anyone from China from attending a college in state,NH Lower,New Hampshire,Belcher,https://legiscan.com/NH/drafts/HB1561/2026,Blood and Soil,"A Chinese-born traveler in your party receives a college admission rejection under the new restriction while the van is stopped nearby. The lost educational plan causes panic, and the traveler skips meals until dizzy."
End birthright citizenship,OK Upper,Oklahoma,Deevers,https://legiscan.com/OK/drafts/SB2098/2026,Blood and Soil,"A birthright-citizenship dispute delays registration at a roadside clinic. A newborn in a family your party is helping goes hours without proper warmth, leaving one traveler frantic and sleepless."
Ban providing any support to immigrants,OK Upper,Oklahoma,Grellner,https://legiscan.com/OK/drafts/SB1554/2026,Blood and Soil,"A shelter volunteer fears punishment for offering migrants water and closes the tap. Your party shares its bottles, and one traveler becomes weak with dehydration before the next town."
Ban people born outside the country from holding office,TN Upper,Tennessee,Taylor,https://legiscan.com/TN/drafts/SB1825/2025,Blood and Soil,A foreign-born traveler in your party is barred from running for the state office they had prepared to seek. The rejection leaves that traveler with a stress migraine and trembling hands.
Don't give birth certificates to children of undocumented immigrants,TX Lower,Texas,Olcott,https://legiscan.com/TX/text/HB4771/2025,Blood and Soil,"A county records office refuses to issue a birth certificate for a migrant family's baby under the new rule. A traveler helping the family spends the night in cold rain outside, shivering uncontrollably."
Makes it illegal to have a minor immigrant in your house,UT Lower,Utah,Lee,https://legiscan.com/UT/drafts/HB200/2026,Blood and Soil,"A landlord threatens arrest if your party shelters an immigrant minor in its rented room. The party sleeps in the van instead, and a traveler spends the night shaking with fear."
Require citizenship to become a realtor,WV Lower,West Virginia,Lucas,https://legiscan.com/WV/sponsors/HB4148/2026,Blood and Soil,"A licensed immigrant realtor traveling with your party loses planned remote work and its fees under the citizenship requirement. The missed income means skipped meals, and the realtor develops a pounding dehydration headache."
